Workbook

Sheet Summary
A2: Count | B2: Module S/N | C2: Pedigree | D2: Manifold S/N | E2: GEN S/N | F2: GEN P/N SW | G2: GEN HW | H2: EDM S/N | I2: EDM P/N SW | J2: EDM HW | K2: BCP S/N | L2: BCP P/N SW | M2: BCP HW | N2: Allocation | O2: Allocation | P2: Allocation | Q2: Allocation | R2: Allocation
A3: 1 | B3: S003 | C3: 3D Printed | D3: 0 | E3: BMW pump | H3: 4230 Lucid | K3: 7269 Lucid
A4: 2 | B4: S004 | C4: 3D Printed | D4: 0 | E4: BMW pump | H4: 4241 Lucid | K4: 4242 Lucid
A5: 3 | B5: S005 | C5: 3D Printed | D5: PA 12 40% Glass Filled | E5: BMW pump | H5: 0016 Lucid | K5: 0026 Lucid
A6: 4 | B6: S006 | C6: 3D Printed | E6: BMW pump | H6: 7286 Lucid | K6: 4232 Lucid
A7: 5 | B7: S106 | C7: 3D Printed | E7: MeWP200W STLA-F TRIPUMP0005 | F7: ID # (PLUC431M1D0A-01) SW:B1C0 | G7: IC0 | H7: 09.06.2023MeWP 80W STLA-F TP EDM 0004 | I7: ID # (UC431M1D1B-01) SW B530 | K7: MeWP 80W STLA EVO BCP0007 | L7: ID # (UC431M1D2B-01 SW BC60)
A8: 6 | B8: S107 | C8: 3D Printed | E8: MeWP200W STLA-F TRIPUMP0012 | F8: ID # (PLUC431M1D0A-01) SW:B1C0 | G8: IC0 | H8: 09.06.2023MeWP 80W STLA-F TP EDM 0013 | I8: ID # (UC431M1D1B-01) SW B530 | K8: MeWP 80W STLA EVO BCP0008 | L8: ID # (UC431M1D2B-01 SW BC60)
A9: 7 | B9: S108 | C9: 3D Printed | E9: MeWP200W STLA-F TRIPUMP0008 | F9: ID # (PLUC431M1D0A-01) SW:B1C0 | G9: IC0 | H9: 09.06.2023MeWP 80W STLA-F TP EDM 0007 | I9: ID # (UC431M1D1B-01) SW B530 | K9: MeWP 80W STLA EVO BCP0013 | L9: ID # (UC431M1D2B-01 SW BC60)
A10: 8 | B10: S109 | C10: 3D Printed | E10: MeWP200W STLA-F TRIPUMP0007 | F10: ID # (PLUC431M1D0A-01) SW:B1C0 | G10: IC0 | H10: 09.06.2023MeWP 80W STLA-F TP EDM 0008 | I10: ID # (UC431M1D1B-01) SW B530 | K10: MeWP 80W STLA EVO BCP0006 | L10: ID # (UC431M1D2B-01 SW BC60)
A11: 9 | B11: S110 | C11: 3D Printed | E11: MeWP200W STLA-F TRIPUMP0011 | F11: ID # (PLUC431M1D0A-01) SW:B1C0 | G11: IC0 | H11: 09.06.2023MeWP 80W STLA-F TP EDM 0015 | I11: ID # (UC431M1D1B-01) SW B530 | K11: MeWP 80W STLA EVO BCP0014 | L11: ID # (UC431M1D2B-01 SW BC60)
A12: 10 | B12: S111 | C12: 3D Printed | E12: MeWP200W STLA-F TRIPUMP0014 | F12: ID # (PLUC431M1D0A-01) SW:B1C0 | G12: IC0 | H12: 09.06.2023MeWP 80W STLA-F TP EDM 0009 | I12: ID # (UC431M1D1B-01) SW B530 | K12: MeWP 80W STLA EVO BCP0010 | L12: ID # (UC431M1D2B-01 SW BC60)
A13: 11 | B13: S112 | C13: 3D Printed | E13: MeWP200W STLA-F TRIPUMP0013 | F13: ID # (PLUC431M1D0A-01) SW:B1C0 | G13: IC0 | H13: 09.06.2023MeWP 80W STLA-F TP EDM 0011 | I13: ID # (UC431M1D1B-01) SW B530 | K13: MeWP 80W STLA EVO BCP0015 | L13: ID # (UC431M1D2B-01 SW BC60)
A14: 12 | B14: S113 | C14: 3D Printed | E14: MeWP200W STLA-F TRIPUMP0028 | F14: ID # (PLUC431M1D0A-01) SW:B1C0 | G14: IC0 | H14: 21.06.2023MeWP 80W STLA-F TP EDM 0027 | I14: ID # (UC431M1D1B-01) SW B530 | K14: MeWP 80W STLA EVO BCP0018 | L14: ID # (UC431M1D2B-01 SW BC60)
A15: 13 | B15: S114 | C15: 3D Printed | E15: MeWP200W STLA-F TRIPUMP0031 | F15: ID # (PLUC431M1D0A-01) SW:B1C0 | G15: IC0 | H15: 21.06.2023MeWP 80W STLA-F TP EDM 0023 | I15: ID # (UC431M1D1B-01) SW B530 | K15: MeWP 80W STLA EVO BCP0019 | L15: ID # (UC431M1D2B-01 SW BC60)
A16: 14 | B16: S115 | C16: 3D Printed | E16: MeWP200W STLA-F TRIPUMP0029 | F16: ID # (PLUC431M1D0A-01) SW:B1C0 | G16: IC0 | H16: 21.06.2023MeWP 80W STLA-F TP EDM 0026 | I16: ID # (UC431M1D1B-01) SW B530 | K16: MeWP 80W STLA EVO BCP0024 | L16: ID # (UC431M1D2B-01 SW BC60)
A17: 15 | B17: S116 | C17: 3D Printed | E17: MeWP200W STLA-F TRIPUMP0033 | F17: ID # (PLUC431M1D0A-01) SW:B1C0 | G17: IC0 | H17: 21.06.2023MeWP 80W STLA-F TP EDM 0024 | I17: ID # (UC431M1D1B-01) SW B530 | K17: MeWP 80W STLA EVO BCP0021 | L17: ID # (UC431M1D2B-01 SW BC60)
A18: 16 | B18: S118 | C18: 3D Printed | E18: MeWP200W STLA-F TRIPUMP0037 | F18: ID # (PLUC431M1D0A-01) SW:B1C0 | G18: IC0 | H18: 21.06.2023MeWP 80W STLA-F TP EDM 0022 | I18: ID # (UC431M1D1B-01) SW B530 | K18: MeWP 80W STLA EVO BCP0020 | L18: ID # (UC431M1D2B-01 SW BC60)
... A22: 20 | B22: S202 | C22: Soft Tool | E22: MeWP200W STLA-F TRIPUMP0051 | F22: ID # (PLUC431M1D0A-01) SW:B1C0 | G22: IC0 | H22: 09.08.2023MeWP 80W STLA-F TP EDM0043 | I22: ID # (UC431M1D1B-01) SW B530 | K22: MeWP 80W STLA EVO BCP0033 | L22: ID # (UC431M1D2B-01 SW BC60)
A23: 21 | B23: S205 | C23: Soft Tool | E23: MeWP200W STLA-F TRIPUMP0050 | F23: ID # (PLUC431M1D0A-01) SW:B1C0 | G23: IC0 | H23: 09.08.2023MeWP 80W STLA-F TP EDM0042 | I23: ID # (UC431M1D1B-01) SW B530 | K23: MeWP 80W STLA EVO BCP0032 | L23: ID # (UC431M1D2B-01 SW BC60) | N23: Assigned to ALT -- TR.CC23.23033
A24: 22 | B24: S206 | C24: Soft Tool | E24: MeWP200W STLA-F TRIPUMP0049 | F24: ID # (PLUC431M1D0A-01) SW:B1C0 | G24: IC0 | H24: 09.08.2023MeWP 80W STLA-F TP EDM0041 | I24: ID # (UC431M1D1B-01) SW B530 | K24: MeWP 80W STLA EVO BCP0037 | L24: ID # (UC431M1D2B-01 SW BC60) | N24: Assigned to ALT -- TR.CC23.23033
A25: 23 | B25: S207 | C25: Soft Tool | D25: 8 | E25: MeWP200W STLA-F TRIPUMP0046 | F25: ID # (PLUC431M1D0A-01) SW:B1C0 | G25: IC0 | H25: 09.08.2023MeWP 80W STLA-F TP EDM0038 | I25: ID # (UC431M1D1B-01) SW B530 | K25: MeWP 80W STLA EVO BCP0039 | L25: ID # (UC431M1D2B-01 SW BC60)
A26: 24 | B26: S208 | C26: Soft Tool | D26: 11 | E26: MeWP200W STLA-F TRIPUMP0041 | F26: ID # (PLUC431M1D0A-01) SW:B1C0 | G26: IC0 | H26: 09.08.2023MeWP 80W STLA-F TP EDM0033 | I26: ID # (UC431M1D1B-01) SW B530 | K26: MeWP 80W STLA EVO BCP0034 | L26: ID # (UC431M1D2B-01 SW BC60)
A27: 25 | B27: S209 | C27: Soft Tool | D27: 4 | E27: MeWP200W STLA-F TRIPUMP0036 | F27: ID # (PLUC431M1D0A-01) SW:B1C0 | G27: IC0 | H27: 09.08.2023MeWP 80W STLA-F TP EDM0032 | I27: ID # (UC431M1D1B-01) SW B530 | K27: MeWP 80W STLA EVO BCP0044 | L27: ID # (UC431M1D2B-01 SW BC60)
A28: 26 | B28: S210 | C28: Soft Tool | D28: 14 | E28: MeWP200W STLA-F TRIPUMP0045 | F28: ID # (PLUC431M1D0A-01) SW:B1C0 | G28: IC0 | H28: 09.08.2023MeWP 80W STLA-F TP EDM0037 | I28: ID # (UC431M1D1B-01) SW B530 | K28: MeWP 80W STLA EVO BCP0038 | L28: ID # (UC431M1D2B-01 SW BC60)
A29: 27 | B29: S212 | C29: Soft Tool 80MeWP hardware changes on both | D29: 1 | E29: MeWP200W STLA-F TRIPUMP0034 | F29: ID # (PLUC431M1D0A-01) SW: was B1C0, Reflashed to B1C1 Feb2, 2024 | G29: IC0 | H29: 09.08.2023MeWP 80W STLA-F TP EDM0031 | I29: ID # (UC431M1D1B-01) SW B530 | J29: ME1 | K29: MeWP 80W STLA EVO BCP0045 | L29: ID # (UC431M1D2B-01 SW BC60) | M29: MD1 | N29: Assigned to ALT -- TR.CC24.00229
A30: 28 | B30: S212 reworked | C30: Soft Tool 80MeWP hardware changes on both | D30: 1 | E30: was MeWP200W STLA-F TRIPUMP0067 Now replaced with S/N 0038 Apr 22 | F30: ID # (PLUC431M1D0A-01) SW: was B1C0, Reflashed to B1C1 Feb2, 2024 | G30: IC0 | H30: 15.12.2023MeWP 80W STLA-F TP EDM0067 | I30: ID # (UC431M1D1B-01) SW B530 | J30: ME1 | K30: MeWP 80W STLA EVO BCP0077 | L30: ID # (UC431M1D2B-01 SW BC60) | M30: MD1 | N30: Assigned to Speed Derating test -- TR.CC24.00492 | O30: Audit test after derating test TR.CC24.03605 (02/16/24) | P30: 2 life cycle
A31: 29 | B31: S213 | C31: Soft Tool 80MeWP hardware changes on both | D31: 2 | E31: MeWP200W STLA-F TRIPUMP0065 | F31: ID # (PLUC431M1D0A-01) SW: was B1C0, Reflashed to B1C1 Feb2, 2024 | G31: IC0 | H31: 15.12.2023MeWP 80W STLA-F TP EDM0062 | I31: ID # (UC431M1D1B-01) SW B530 | J31: ME1 | K31: MeWP 80W STLA EVO BCP0075 | L31: ID # (UC431M1D2B-01 SW BC60) | M31: MD1 | N31: Audit test TR.CC23.22950 | O31: Assigned to Leg 1 TS & PTCE TR.CC23.22663
A32: 30 | B32: S214 | C32: Soft Tool 80MeWP hardware changes on both | D32: 3 | E32: MeWP200W STLA-F TRIPUMP0066 | F32: ID # (PLUC431M1D0A-01) SW: was B1C0, Reflashed to B1C1 Feb2, 2024 | G32: IC0 | H32: 15.12.2023MeWP 80W STLA-F TP EDM0063 | I32: ID # (UC431M1D1B-01) SW B530 | J32: ME1 | K32: MeWP 80W STLA EVO BCP0076 | L32: ID # (UC431M1D2B-01 SW BC60) | M32: MD1 | N32: Audit test TR.CC23.22950 | O32: Assigned to Leg 1 TS & PTCE TR.CC23.22663
A33: 31 | B33: S215 | C33: Soft Tool 80MeWP hardware changes on both | D33: 4 | E33: MeWP200W STLA-F TRIPUMP0068 | F33: ID # (PLUC431M1D0A-01) SW: was B1C0, Reflashed to B1C1 Feb2, 2024 | G33: IC0 | H33: 15.12.2023MeWP 80W STLA-F TP EDM0068 | I33: ID # (UC431M1D1B-01) SW B530 | J33: ME1 | K33: was MeWP 80W STLA EVO BCP0078; now 0082 Apr17, 2024 | L33: ID # (UC431M1D2B-01 SW BC60) | M33: MD1 | N33: Audit test TR.CC23.22950 | O33: Assigned to Leg 7 Life Test -- TR.CC23.25656
A34: 32 | B34: S216 | C34: Soft Tool 80MeWP hardware changes on both | D34: 1 | E34: MeWP200W STLA-F TRIPUMP0080 | F34: ID # (PLUC431M1D0A-01) SW: was B1C0, Reflashed to B1C1 Feb2, 2024 | G34: IC0 | H34: 15.12.2023MeWP 80W STLA-F TP EDM0071 | I34: ID # (UC431M1D1B-01) SW B530 | J34: ME1 | K34: Was MeWP 80W STLA EVO BCP0070; now 0144 Apr19,2024 | L34: ID # (UC431M1D2B-01 SW BC60) | M34: MD1 | N34: Audit test TR.CC23.22950 | O34: Re-built with new GEN pump 2/07/24 | P34: Re-audit test TR.CC24.02923 | Q34: Assigned to Leg 7 Life Test -- TR.CC23.25656
A35: 33 | B35: S217 | C35: Soft Tool 80MeWP hardware changes on both | D35: 2 | E35: MeWP200W STLA-F TRIPUMP0074 | F35: ID # (PLUC431M1D0A-01) SW: was B1C0, Reflashed to B1C1 Feb2, 2024 | G35: IC0 | H35: 15.12.2023MeWP 80W STLA-F TP EDM0061 | I35: ID # (UC431M1D1B-01) SW B530 | J35: ME1 | K35: MeWP 80W STLA EVO BCP0069 | L35: ID # (UC431M1D2B-01 SW BC60) | M35: MD1 | N35: Audit test TR.CC24.01600 | O35: Re-built with new GEN pump 2/07/24 | P35: Re-audit test TR.CC24.02923
A36: 34 | B36: S218 | C36: Soft Tool 80MeWP hardware changes on both | D36: 3 | E36: MeWP200W STLA-F TRIPUMP0061 | F36: ID # (PLUC431M1D0A-01) SW: was B1C0, Reflashed to B1C1 Feb2, 2024 | G36: IC0 | H36: 15.12.2023MeWP 80W STLA-F TP EDM0065 | I36: ID # (UC431M1D1B-01) SW B530 | J36: ME1 | K36: Was MeWP 80W STLA EVO BCP0064; now 0143 Apr 19, 2024 | L36: ID # (UC431M1D2B-01 SW BC60) | M36: MD1 | N36: Audit test TR.CC24.01600 | O36: Assigned to Leg 7 Life Test -- TR.CC23.25656
A37: 35 | B37: S219 | C37: Soft Tool 80MeWP hardware changes on both | D37: 4 | E37: MeWP200W STLA-F TRIPUMP0081 | F37: ID # (PLUC431M1D0A-01) SW: was B1C0, Reflashed to B1C1 Feb2, 2024 | G37: IC0 | H37: 15.12.2023MeWP 80W STLA-F TP EDM0070 | I37: ID # (UC431M1D1B-01) SW B530 | J37: ME1 | K37: MeWP 80W STLA EVO BCP0060 | L37: ID # (UC431M1D2B-01 SW BC60) | M37: MD1 | N37: Audit test TR.CC24.01600 | O37: Re-built with new GEN pump 2/07/24 | P37: Re-audit test TR.CC24.02923
A38: 36 | B38: S220 | C38: Soft Tool 80MeWP hardware changes on both | D38: 8 | E38: MeWP200W STLA-F TRIPUMP0064 | F38: ID # (PLUC431M1D0A-01) SW: was B1C0, Reflashed to B1C1 Feb2, 2024 | G38: IC0 | H38: 15.12.2023MeWP 80W STLA-F TP EDM0064 | I38: ID # (UC431M1D1B-01) SW B530 | J38: ME1 | K38: MeWP 80W STLA EVO BCP0063 | L38: ID # (UC431M1D2B-01 SW BC60) | M38: MD1 | N38: Audit test TR.CC24.01600 | O38: Re-built with new GEN pump 2/07/24 | P38: Re-audit test TR.CC24.02923
A39: 37 | B39: S221 | C39: Soft Tool 80MeWP hardware changes on both | D39: 10 | E39: MeWP200W STLA-F TRIPUMP0082 | F39: ID # (PLUC431M1D0A-01) SW: was B1C0, Reflashed to B1C1 Feb2, 2024 | G39: IC0 | H39: 15.12.2023MeWP 80W STLA-F TP EDM0078 | I39: ID # (UC431M1D1B-01) SW B530 | J39: ME1 | K39: MeWP 80W STLA EVO BCP0074 | L39: ID # (UC431M1D2B-01 SW BC60) | M39: MD1 | N39: Audit test TR.CC24.01600 | O39: Re-built with new GEN pump 2/07/24 | P39: Re-audit test TR.CC24.02923
A40: 38 | B40: S222 | C40: Soft Tool 80MeWP hardware changes on both | D40: 11 | E40: MeWP200W STLA-F TRIPUMP0071 | F40: ID # (PLUC431M1D0A-01) SW: was B1C0, Reflashed to B1C1 Feb2, 2024 | G40: IC0 | H40: 15.12.2023MeWP 80W STLA-F TP EDM0069 | I40: ID # (UC431M1D1B-01) SW B530 | J40: ME1 | K40: MeWP 80W STLA EVO BCP0061 | L40: ID # (UC431M1D2B-01 SW BC60) | M40: MD1 | N40: Audit test TR.CC24.02109 | O40: Re-built with new GEN pump 2/07/24 | P40: Re-audit test TR.CC24.02923
A41: 39 | B41: S223 | C41: Soft Tool 80MeWP hardware changes on both | D41: 12 | E41: MeWP200W STLA-F TRIPUMP0073 | F41: ID # (PLUC431M1D0A-01) SW: was B1C0, Reflashed to B1C1 Feb2, 2024 | G41: IC0 | H41: 15.12.2023MeWP 80W STLA-F TP EDM0072 | I41: ID # (UC431M1D1B-01) SW B530 | J41: ME1 | K41: MeWP 80W STLA EVO BCP0065 | L41: ID # (UC431M1D2B-01 SW BC60) | M41: MD1 | N41: Audit test TR.CC24.02109 | O41: Re-built with new GEN pump 2/07/24 | P41: Re-audit test TR.CC24.02923
A42: 40 | B42: S224 | C42: Soft Tool 80MeWP hardware changes on both | D42: 13 | E42: MeWP200W STLA-F TRIPUMP0075 | F42: ID # (PLUC431M1D0A-01) SW: was B1C0, Reflashed to B1C1 Feb2, 2024 | G42: IC0 | H42: 15.12.2023MeWP 80W STLA-F TP EDM0074 | I42: ID # (UC431M1D1B-01) SW B530 | J42: ME1 | K42: MeWP 80W STLA EVO BCP0066 | L42: ID # (UC431M1D2B-01 SW BC60) | M42: MD1 | N42: Audit test TR.CC24.02109 | O42: Re-built with new GEN pump 2/07/24 | P42: Re-audit test TR.CC24.02923
A43: 41 | B43: S225 | C43: Soft Tool 80MeWP hardware changes on both | D43: 14 | E43: MeWP200W STLA-F TRIPUMP0076 | F43: ID # (PLUC431M1D0A-01) SW: was B1C0, Reflashed to B1C1 Feb2, 2024 | G43: IC0 | H43: 15.12.2023MeWP 80W STLA-F TP EDM0076 | I43: ID # (UC431M1D1B-01) SW B530 | J43: ME1 | K43: MeWP 80W STLA EVO BCP0079 | L43: ID # (UC431M1D2B-01 SW BC60) | M43: MD1 | N43: Audit test TR.CC24.02109 | O43: Re-built with new GEN pump 2/07/24 | P43: Re-audit test TR.CC24.02923
A44: 42 | B44: S226 | C44: Soft Tool 80MeWP hardware changes on both | D44: 15 | E44: MeWP200W STLA-F TRIPUMP0098 | F44: ID # (PLUC431M1D0A-01) SW:B1C1 | G44: IC0 | H44: 10.01.2024MeWP 80W STLA-F TP EDM0106 | I44: ID # (UC431M1D1B-01) SW B530 | J44: ME1 | K44: MeWP 80W STLA EVO BCP0081 | L44: ID # (UC431M1D2B-01 SW BC60) | M44: MD1 | N44: Audit test TR.CC24.02109 | O44: Assigned to Leg 3 -- TR.CC24.03375
A45: 43 | B45: S227 | C45: Soft Tool 80MeWP hardware changes on both | D45: 16 | E45: MeWP200W STLA-F TRIPUMP0123 | F45: ID # (PLUC431M1D0A-01) SW:B1C1 | G45: IC0 | H45: 23.01.2024MeWP 80W STLA-F TP EDM0120 | I45: ID # (UC431M1D1B-01) SW B530 | J45: ME1 | K45: MeWP 80W STLA EVO BCP0101 | L45: ID # (UC431M1D2B-01 SW BC60) | M45: MD1 | N45: Audit test TR.CC24.02734 | O45: Assigned to Leg 3 -- TR.CC24.03375
A46: 44 | B46: S228 | C46: Soft Tool 80MeWP hardware changes on both | D46: 17 | E46: MeWP200W STLA-F TRIPUMP0093 | F46: ID # (PLUC431M1D0A-01) SW:B1C1 | G46: IC0 | H46: 10.01.2024MeWP 80W STLA-F TP EDM0107 | I46: ID # (UC431M1D1B-01) SW B530 | J46: ME1 | K46: MeWP 80W STLA EVO BCP0098 | L46: ID # (UC431M1D2B-01 SW BC60) | M46: MD1 | N46: Audit test TR.CC24.02734 | O46: Assigned to Leg 2 -- TR.CC24.02732
A47: 45 | B47: S229 | C47: Soft Tool 80MeWP hardware changes on both | D47: 18 | E47: MeWP200W STLA-F TRIPUMP0119 | F47: ID # (PLUC431M1D0A-01) SW:B1C1 | G47: IC0 | H47: 10.01.2024MeWP 80W STLA-F TP EDM0108 | I47: ID # (UC431M1D1B-01) SW B530 | J47: ME1 | K47: MeWP 80W STLA EVO BCP0092 | L47: ID # (UC431M1D2B-01 SW BC60) | M47: MD1 | N47: Audit test TR.CC24.02734 | O47: Assigned to Leg 2 -- TR.CC24.02732
A48: 46 | B48: S230 | C48: Soft Tool 80MeWP hardware changes on both | D48: 19 | E48: MeWP200W STLA-F TRIPUMP0099 | F48: ID # (PLUC431M1D0A-01) SW:B1C1 | G48: IC0 | H48: 23.01.2024MeWP 80W STLA-F TP EDM0119 | I48: ID # (UC431M1D1B-01) SW B530 | J48: ME1 | K48: MeWP 80W STLA EVO BCP0080 | L48: ID # (UC431M1D2B-01 SW BC60) | M48: MD1 | N48: Audit test TR.CC24.02734 | O48: Ship to Mexico as per email from David Li -- Mar 07, 2024 (BI)
A49: 47 | B49: S231 | C49: Soft Tool 80MeWP hardware changes on both | D49: 20 | E49: MeWP200W STLA-F TRIPUMP0120 | F49: ID # (PLUC431M1D0A-01) SW:B1C1 | G49: IC0 | H49: 10.01.2024MeWP 80W STLA-F TP EDM0084 | I49: ID # (UC431M1D1B-01) SW B530 | J49: ME1 | K49: MeWP 80W STLA EVO BCP0090 | L49: ID # (UC431M1D2B-01 SW BC60) | M49: MD1 | N49: Audit test TR.CC24.02734 | O49: Mode 5 test TR.CC24.03239
A50: 48 | B50: S232 | C50: Soft Tool 80MeWP hardware changes on both | D50: 21 | E50: MeWP200W STLA-F TRIPUMP0101 | F50: ID # (PLUC431M1D0A-01) SW: was B1C1, reflashed to E1C0 May 3, 2024 | G50: IC0 | H50: 10.01.2024MeWP 80W STLA-F TP EDM0105 | I50: ID # (UC431M1D1B-01) SW was B530 , reflashed to E530 May 3, 2024 | J50: ME1 | K50: MeWP 80W STLA EVO BCP0106 | L50: ID # (UC431M1D2B-01 SW was BC60, reflashed to EC60 May 3, 2024 | M50: MD1 | N50: Audit test TR.CC24.02734 | O50: Assigned to TR.CC24.05529 -- re-worked to improve efficiency | P50: 2 life cycle | Q50: TR.CC23.13198 Dry run and performance
A51: 49 | B51: S233 | C51: Soft Tool 80MeWP hardware changes on both | D51: 22 | E51: MeWP200W STLA-F TRIPUMP0096 | F51: ID # (PLUC431M1D0A-01) SW:B1C1 | G51: IC0 | H51: 23.01.2024MeWP 80W STLA-F TP EDM0113 | I51: ID # (UC431M1D1B-01) SW B530 | J51: ME1 | K51: MeWP 80W STLA EVO BCP0116 | L51: ID # (UC431M1D2B-01 SW BC60) | M51: MD1 | N51: Audit test TR.CC24.02734 | O51: Mode 5 test TR.CC24.03239 | P51: Mode-5 study ???
A52: 50 | B52: S234 | C52: Soft Tool 80MeWP hardware changes on both | D52: 23 | E52: MeWP200W STLA-F TRIPUMP0085 | F52: ID # (PLUC431M1D0A-01) SW:B1C1 | G52: IC0 | H52: 10.01.2024MeWP 80W STLA-F TP EDM0083 | I52: ID # (UC431M1D1B-01) SW B530 | J52: ME1 | K52: MeWP 80W STLA EVO BCP0096 | L52: ID # (UC431M1D2B-01 SW BC60) | M52: MD1 | N52: Audit test TR.CC24.02734 | O52: Given to Jayso to be shipped to CAMPI as per email from David Li/Priya -- Apr 03, 2024 -- BI
A53: 51 | B53: S235 | C53: Soft Tool 80MeWP hardware changes on both | D53: 24 | E53: MeWP200W STLA-F TRIPUMP0100 | F53: ID # (PLUC431M1D0A-01) SW: was B1C1, reflashed to E1C0 Apr 10, 2024 | G53: IC0 | H53: 10.01.2024MeWP 80W STLA-F TP EDM0109 | I53: ID # (UC431M1D1B-01) SW was B530 , reflashed to E530 Apr 11, 2024 | J53: ME1 | K53: MeWP 80W STLA EVO BCP0093 | L53: ID # (UC431M1D2B-01 SW was BC60, reflashed to EC60 Apr 10, 2024 | M53: MD1
A54: 52 | B54: S236 | C54: Soft Tool 80MeWP hardware changes on both | D54: 25 | E54: MeWP200W STLA-F TRIPUMP0122 | F54: ID # (PLUC431M1D0A-01) SW:B1C1 | G54: IC0 | H54: 15.12.2023MeWP 80W STLA-F TP EDM0082 | I54: ID # (UC431M1D1B-01) SW B530 | J54: ME1 | K54: MeWP 80W STLA EVO BCP0088 | L54: ID # (UC431M1D2B-01 SW BC60) | M54: MD1 | N54: Audit test TR.CC24.02734 | O54: Assigned to Leg 3 -- TR.CC24.02732
A55: 53 | B55: S237 | C55: Soft Tool 80MeWP hardware changes on both | D55: 26 | E55: MeWP200W STLA-F TRIPUMP0109 | F55: ID # (PLUC431M1D0A-01) SW:B1C1 | G55: IC0 | H55: 10.01.2024MeWP 80W STLA-F TP EDM0092 | I55: ID # (UC431M1D1B-01) SW B530 | J55: ME1 | K55: MeWP 80W STLA EVO BCP0099 | L55: ID # (UC431M1D2B-01 SW BC60) | M55: MD1 | N55: Audit test TR.CC24.02734 | O55: Assigned to Leg 3 -- TR.CC24.02732
A56: 54 | B56: S238 | C56: Soft Tool 80MeWP hardware changes on both | D56: 27 | E56: MeWP200W STLA-F TRIPUMP0102 | F56: ID # (PLUC431M1D0A-01) SW:B1C1 | G56: IC0 | H56: 10.01.2024MeWP 80W STLA-F TP EDM0102 | I56: ID # (UC431M1D1B-01) SW B530 | J56: ME1 | K56: MeWP 80W STLA EVO BCP0084 | L56: ID # (UC431M1D2B-01 SW BC60) | M56: MD1 | N56: Audit test TR.CC24.02734 | O56: Mode 5 test TR.CC24.03239
A57: 55 | B57: S239 | C57: Soft Tool 80MeWP hardware changes on both | D57: 28 | E57: MeWP200W STLA-F TRIPUMP0092 | F57: ID # (PLUC431M1D0A-01) SW:B1C1 | G57: IC0 | H57: 23.01.2024MeWP 80W STLA-F TP EDM0118 | I57: ID # (UC431M1D1B-01) SW B530 | J57: ME1 | K57: MeWP 80W STLA EVO BCP0086 | L57: ID # (UC431M1D2B-01 SW BC60) | M57: MD1 | N57: Audit test TR.CC24.02734 | O57: EMC
A58: 56 | B58: S240 | C58: Soft Tool 80MeWP hardware changes on both | D58: 5 | E58: MeWP200W STLA-F TRIPUMP0087 | F58: ID # (PLUC431M1D0A-01) SW:B1C1 | G58: IC0 | H58: 10.01.2024MeWP 80W STLA-F TP EDM0087 | I58: ID # (UC431M1D1B-01) SW B530 | J58: ME1 | K58: MeWP 80W STLA EVO BCP0094 | L58: ID # (UC431M1D2B-01 SW BC60) | M58: MD1 | N58: Audit test TR.CC24.02734 | O58: EMC
A59: 57 | B59: S241 | C59: Soft Tool 80MeWP hardware changes on both | D59: 6 | E59: MeWP200W STLA-F TRIPUMP0108 | F59: ID # (PLUC431M1D0A-01) SW:B1C1 | G59: IC0 | H59: 10.01.2024MeWP 80W STLA-F TP EDM0100 | I59: ID # (UC431M1D1B-01) SW B530 | J59: ME1 | K59: MeWP 80W STLA EVO BCP0112 | L59: ID # (UC431M1D2B-01 SW BC60) | M59: MD1 | N59: Audit test TR.CC24.02734
A60: 58 | B60: S242 | C60: Soft Tool 80MeWP hardware changes on both | D60: 7 | E60: MeWP200W STLA-F TRIPUMP0107 | F60: ID # (PLUC431M1D0A-01) SW:B1C1 | G60: IC0 | H60: 10.01.2024MeWP 80W STLA-F TP EDM0099 | I60: ID # (UC431M1D1B-01) SW B530 | J60: ME1 | K60: MeWP 80W STLA EVO BCP0097 | L60: ID # (UC431M1D2B-01 SW BC60) | M60: MD1 | N60: Audit test TR.CC24.02734
A61: 59 | B61: S243 | C61: Soft Tool 80MeWP hardware changes on both | D61: 9 | E61: MeWP200W STLA-F TRIPUMP0115 | F61: ID # (PLUC431M1D0A-01) SW:B1C1 | G61: IC0 | H61: 10.01.2024MeWP 80W STLA-F TP EDM0086 | I61: ID # (UC431M1D1B-01) SW B530 | J61: ME1 | K61: MeWP 80W STLA EVO BCP0085 | L61: ID # (UC431M1D2B-01 SW BC60) | M61: MD1 | N61: Audit test TR.CC24.02734
A62: 60 | B62: S244 | C62: Soft Tool 80MeWP hardware changes on both | D62: 35 | E62: MeWP200W STLA-F TRIPUMP0121 | F62: ID # (PLUC431M1D0A-01) SW:B1C1 | G62: IC0 | H62: 15.12.2023MeWP 80W STLA-F TP EDM0081 | I62: ID # (UC431M1D1B-01) SW B530 | J62: ME1 | K62: MeWP 80W STLA EVO BCP0091 | L62: ID # (UC431M1D2B-01 SW BC60) | M62: MD1 | N62: Audit test TR.CC24.02734
A63: 61 | B63: S245 | C63: Soft Tool 80MeWP hardware changes on both | D63: 36 | E63: MeWP200W STLA-F TRIPUMP0116 | F63: ID # (PLUC431M1D0A-01) SW: was B1C1, reflashed to E1C0 Apr 10, 2024 | G63: IC0 | H63: 10.01.2024MeWP 80W STLA-F TP EDM0101 | I63: ID # (UC431M1D1B-01) SW was B530 , reflashed to E530 Apr 11, 2024 | J63: ME1 | K63: MeWP 80W STLA EVO BCP0087 | L63: ID # (UC431M1D2B-01 SW was BC60, reflashed to EC60 Apr 10, 2024 | M63: MD1
A64: 62 | B64: S246 | C64: Soft Tool 80MeWP hardware changes on both | D64: 37 | E64: MeWP200W STLA-F TRIPUMP0104 | F64: ID # (PLUC431M1D0A-01) SW:B1C1 | G64: IC0 | H64: 10.01.2024MeWP 80W STLA-F TP EDM0104 | I64: ID # (UC431M1D1B-01) SW B530 | J64: ME1 | K64: MeWP 80W STLA EVO BCP0089 | L64: ID # (UC431M1D2B-01 SW BC60) | M64: MD1 | N64: Audit test TR.CC24.02734
A65: 63 | B65: S247 | C65: Soft Tool 80MeWP hardware changes on both | D65: 34 | E65: MeWP200W STLA-F TRIPUMP0091 | F65: ID # (PLUC431M1D0A-01) SW:B1C1 | G65: IC0 | H65: 10.01.2024MeWP 80W STLA-F TP EDM0093 | I65: ID # (UC431M1D1B-01) SW B530 | J65: ME1 | K65: MeWP 80W STLA EVO BCP0111 | L65: ID # (UC431M1D2B-01 SW BC60) | M65: MD1 | N65: Audit test TR.CC24.03239
A66: 64 | B66: S248 | C66: Soft Tool 80MeWP hardware changes on both | D66: 38 | E66: MeWP200W STLA-F TRIPUMP0095 | F66: ID # (PLUC431M1D0A-01) SW: was B1C1, reflashed to E1C0 Apr 10, 2024 | G66: IC0 | H66: 10.01.2024MeWP 80W STLA-F TP EDM0095 | I66: ID # (UC431M1D1B-01) SW was B530 , reflashed to E530 Apr 11, 2024 | J66: ME1 | K66: MeWP 80W STLA EVO BCP0100 | L66: ID # (UC431M1D2B-01 SW was BC60, reflashed to EC60 Apr 10, 2024 | M66: MD1
A67: 65 | B67: S249 | C67: Soft Tool 80MeWP hardware changes on both | D67: 39 | E67: MeWP200W STLA-F TRIPUMP0088 | F67: ID # (PLUC431M1D0A-01) SW:B1C1 | G67: IC0 | H67: 10.01.2024MeWP 80W STLA-F TP EDM0085 | I67: ID # (UC431M1D1B-01) SW B530 | J67: ME1 | K67: MeWP 80W STLA EVO BCP0119 | L67: ID # (UC431M1D2B-01 SW BC60) | M67: MD1 | N67: Audit test TR.CC24.03239
A68: 66 | B68: S250 | C68: Soft Tool 80MeWP hardware changes on both | D68: 40 | E68: MeWP200W STLA-F TRIPUMP0079 | F68: ID # (PLUC431M1D0A-01) SW:B1C1 | G68: IC0 | H68: 23.01.2024MeWP 80W STLA-F TP EDM0117 | I68: ID # (UC431M1D1B-01) SW B530 | J68: ME1 | K68: MeWP 80W STLA EVO BCP0083 | L68: ID # (UC431M1D2B-01 SW BC60) | M68: MD1 | N68: Audit test TR.CC24.03239
A69: 67 | B69: S251 | C69: Soft Tool 80MeWP hardware changes on both | D69: 41 | E69: MeWP200W STLA-F TRIPUMP0063 | F69: ID # (PLUC431M1D0A-01) SW:B1C1 | G69: IC0 | H69: 10.01.2024MeWP 80W STLA-F TP EDM0097 | I69: ID # (UC431M1D1B-01) SW B530 | J69: ME1 | K69: MeWP 80W STLA EVO BCP0105 | L69: ID # (UC431M1D2B-01 SW BC60) | M69: MD1 | N69: Audit test TR.CC24.03239
A70: 68 | B70: S252 | C70: Soft Tool 80MeWP hardware changes on both | D70: 42 | E70: MeWP200W STLA-F TRIPUMP0039 | F70: ID # (PLUC431M1D0A-01) SW:B1C1 | G70: IC0 | H70: 23.01.2024MeWP 80W STLA-F TP EDM0114 | I70: ID # (UC431M1D1B-01) SW B530 | J70: ME1 | K70: MeWP 80W STLA EVO BCP0118 | L70: ID # (UC431M1D2B-01 SW BC60) | M70: MD1 | N70: Audit test low performance due to GEN low speed TR.CC24.03239
A71: 69 | B71: S253 | C71: Soft Tool 80MeWP hardware changes on both | D71: 29 | E71: MeWP200W STLA-F TRIPUMP0062 | F71: ID # (PLUC431M1D0A-01) SW:B1C1 | G71: IC0 | H71: 10.01.2024MeWP 80W STLA-F TP EDM0096 | I71: ID # (UC431M1D1B-01) SW B530 | J71: ME1 | K71: MeWP 80W STLA EVO BCP0104 | L71: ID # (UC431M1D2B-01 SW BC60) | M71: MD1 | N71: Audit test TR.CC24.03239
A72: 70 | B72: S254 | C72: Soft Tool 80MeWP hardware changes on both | D72: 30 | E72: MeWP200W STLA-F TRIPUMP0078 | F72: ID # (PLUC431M1D0A-01) SW:B1C1 | G72: IC0 | H72: 10.01.2024MeWP 80W STLA-F TP EDM0110 | I72: ID # (UC431M1D1B-01) SW B530 | J72: ME1 | K72: MeWP 80W STLA EVO BCP0107 | L72: ID # (UC431M1D2B-01 SW BC60) | M72: MD1 | N72: Audit test TR.CC24.03239 | O72: Resizing performance test TR.CC24.04508 | P72: Mode 5 test TR.CC24.03239
A73: 71 | B73: S255 | C73: Soft Tool 80MeWP hardware changes on both | D73: 31 | E73: MeWP200W STLA-F TRIPUMP0060 | F73: ID # (PLUC431M1D0A-01) SW: was B1C1, reflashed to E1C0 Apr 10, 2024 | G73: IC0 | H73: 10.01.2024MeWP 80W STLA-F TP EDM0112 | I73: ID # (UC431M1D1B-01) SW was B530 , reflashed to E530 Apr 11, 2024 | J73: ME1 | K73: MeWP 80W STLA EVO BCP0103 | L73: ID # (UC431M1D2B-01 SW was BC60, reflashed to EC60 Apr 10, 2024 | M73: MD1
A74: 72 | B74: S256 | C74: Soft Tool 80MeWP hardware changes on both | D74: 32 | E74: MeWP200W STLA-F TRIPUMP0111 | F74: ID # (PLUC431M1D0A-01) SW: was B1C1, reflashed to E1C0 Apr 10, 2024 | G74: IC0 | H74: 10.01.2024MeWP 80W STLA-F TP EDM0088 | I74: ID # (UC431M1D1B-01) SW was B530 , reflashed to E530 Apr 11, 2024 | J74: ME1 | K74: MeWP 80W STLA EVO BCP0114 | L74: ID # (UC431M1D2B-01 SW was BC60, reflashed to EC60 Apr 10, 2024 | M74: MD1
A75: 73 | B75: S257 | C75: Soft Tool 80MeWP hardware changes on both | D75: 33 | E75: MeWP200W STLA-F TRIPUMP0114 | F75: ID # (PLUC431M1D0A-01) SW: was B1C1, reflashed to E1C0 Apr 10, 2024 | G75: IC0 | H75: 10.01.2024MeWP 80W STLA-F TP EDM0111 | I75: ID # (UC431M1D1B-01) SW was B530 , reflashed to E530 Apr 11, 2024 | J75: ME1 | K75: MeWP 80W STLA EVO BCP0109 | L75: ID # (UC431M1D2B-01 SW was BC60, reflashed to EC60 Apr 10, 2024 | M75: MD1
A76: 74 | B76: S258 | C76: Soft Tool 80MeWP hardware changes on both | D76: 49 | E76: MeWP200W STLA-F TRIPUMP0090 | F76: ID # (PLUC431M1D0A-01) SW: was B1C1, reflashed to E1C0 Apr 10, 2024 | G76: IC0 | H76: 10.01.2024MeWP 80W STLA-F TP EDM0089 | I76: ID # (UC431M1D1B-01) SW was B530 , reflashed to E530 Apr 11, 2024 | J76: ME1 | K76: MeWP 80W STLA EVO BCP0095 | L76: ID # (UC431M1D2B-01 SW was BC60, reflashed to EC60 Apr 10, 2024 | M76: MD1
A77: 75 | B77: S260 | C77: Soft Tool 80MeWP hardware changes on both | D77: 52 | E77: MeWP200W STLA-F TRIPUMP0105 | F77: ID # (PLUC431M1D0A-01) SW: was B1C1, reflashed to E1C0 Apr 10, 2024 | G77: IC0 | H77: 23.01.2024MeWP 80W STLA-F TP EDM0116 | I77: ID # (UC431M1D1B-01) SW was B530 , reflashed to E530 Apr 11, 2024 | J77: ME1 | K77: MeWP 80W STLA EVO BCP0102 | L77: ID # (UC431M1D2B-01 SW was BC60, reflashed to EC60 Apr 10, 2024 | M77: MD1
A78: 76 | B78: S261 | C78: Soft Tool 80MeWP hardware changes on both | D78: 55 | E78: MeWP200W STLA-F TRIPUMP0112 | F78: ID # (PLUC431M1D0A-01) SW: was B1C1, reflashed to E1C0 Apr 10, 2024 | G78: IC0 | H78: 10.01.2024MeWP 80W STLA-F TP EDM0094 | I78: ID # (UC431M1D1B-01) SW was B530 , reflashed to E530 Apr 11, 2024 | J78: ME1 | K78: MeWP 80W STLA EVO BCP0108 | L78: ID # (UC431M1D2B-01 SW was BC60, reflashed to EC60 Apr 10, 2024 | M78: MD1
A79: 77 | B79: S262 | C79: Soft Tool 80MeWP hardware changes on both | D79: 43 | E79: MeWP200W STLA-F TRIPUMP0135 | F79: ID # (PLUC431M1D0A-01) SW: was B1C1, reflashed to E1C0 Apr 10, 2024 | G79: IC0 | H79: 30.01.2024MeWP 80W STLA-F TP EDM0122 | I79: ID # (UC431M1D1B-01) SW was B530 , reflashed to E530 Apr 11, 2024 | J79: ME1 | K79: MeWP 80W STLA EVO BCP0130 | L79: ID # (UC431M1D2B-01 SW was BC60, reflashed to EC60 Apr 10, 2024 | M79: MD1
A80: 78 | B80: S263 | C80: Soft Tool 80MeWP hardware changes on both | D80: 44 | E80: MeWP200W STLA-F TRIPUMP0140 | F80: ID # (PLUC431M1D0A-01) SW: was B1C1, reflashed to E1C0 Apr 10, 2024 | G80: IC0 | H80: 30.01.2024MeWP 80W STLA-F TP EDM0125 | I80: ID # (UC431M1D1B-01) SW was B530 , reflashed to E530 Apr 11, 2024 | J80: ME1 | K80: MeWP 80W STLA EVO BCP0125 | L80: ID # (UC431M1D2B-01 SW was BC60, reflashed to EC60 Apr 10, 2024 | M80: MD1
A81: 79 | B81: S264 | C81: Soft Tool 80MeWP hardware changes on both | D81: 45 | E81: MeWP200W STLA-F TRIPUMP0130 | F81: ID # (PLUC431M1D0A-01) SW: was B1C1, reflashed to E1C0 Apr 10, 2024 | G81: IC0 | H81: 30.01.2024MeWP 80W STLA-F TP EDM0130 | I81: ID # (UC431M1D1B-01) SW was B530 , reflashed to E530 Apr 11, 2024 | J81: ME1 | K81: MeWP 80W STLA EVO BCP0120 | L81: ID # (UC431M1D2B-01 SW was BC60, reflashed to EC60 Apr 10, 2024 | M81: MD1
A82: 80 | B82: S265 | C82: Soft Tool 80MeWP hardware changes on both | D82: 46 | E82: MeWP200W STLA-F TRIPUMP0129 | F82: ID # (PLUC431M1D0A-01) SW: was B1C1, reflashed to E1C0 Apr 10, 2024 | G82: IC0 | H82: 30.01.2024MeWP 80W STLA-F TP EDM0129 | I82: ID # (UC431M1D1B-01) SW was B530 , reflashed to E530 Apr 11, 2024 | J82: ME1 | K82: MeWP 80W STLA EVO BCP0126 | L82: ID # (UC431M1D2B-01 SW was BC60, reflashed to EC60 Apr 10, 2024 | M82: MD1
A83: 81 | B83: S266 | C83: Soft Tool 80MeWP hardware changes on both | D83: 47 | E83: MeWP200W STLA-F TRIPUMP0134 | F83: ID # (PLUC431M1D0A-01) SW: was B1C1, reflashed to E1C0 Apr 10, 2024 | G83: IC0 | H83: 30.01.2024MeWP 80W STLA-F TP EDM0124 | I83: ID # (UC431M1D1B-01) SW was B530 , reflashed to E530 Apr 11, 2024 | J83: ME1 | K83: MeWP 80W STLA EVO BCP0131 | L83: ID # (UC431M1D2B-01 SW was BC60, reflashed to EC60 Apr 10, 2024 | M83: MD1
A84: 82 | B84: S267 | C84: Soft Tool 80MeWP hardware changes on both | D84: 48 | E84: MeWP200W STLA-F TRIPUMP0139 | F84: ID # (PLUC431M1D0A-01) SW: was B1C1, reflashed to E1C0 Apr 10, 2024 | G84: IC0 | H84: 30.01.2024MeWP 80W STLA-F TP EDM0134 | I84: ID # (UC431M1D1B-01) SW was B530 , reflashed to E530 Apr 11, 2024 | J84: ME1 | K84: MeWP 80W STLA EVO BCP0121 | L84: ID # (UC431M1D2B-01 SW was BC60, reflashed to EC60 Apr 10, 2024 | M84: MD1
... A89: 87 | B89: S272 | C89: Soft Tool 80MeWP hardware changes on both | D89: 56 | E89: MeWP200W STLA-F TRIPUMP0138 | F89: ID # (PLUC431M1D0A-01) SW: was B1C1, reflashed to E1C0 Apr 10, 2024 | G89: IC0 | H89: 30.01.2024MeWP 80W STLA-F TP EDM0123 | I89: ID # (UC431M1D1B-01) SW was B530 , reflashed to E530 Apr 11, 2024 | J89: ME1 | K89: MeWP 80W STLA EVO BCP0132 | L89: ID # (UC431M1D2B-01 SW was BC60, reflashed to EC60 Apr 10, 2024 | M89: MD1

Sheet Formula
B3: =Total!A9 -> S260 | C3: =Total!B9 -> 52 | D3: =Total!D9 -> MeWP200W STLA-F TRIPUMP0105 | E3: =Total!$D$8 -> ID # (PLUC431M1D0A-01) SW:B1C1 | F3: =Total!G9 -> 23.01.2024MeWP 80W STLA-F TP EDM0116 | G3: =Total!$G$8 -> ID # (UC431M1D1B-01) SW B530 Aluminum Housing | H3: =Total!J9 -> MeWP 80W STLA EVO BCP0102 | I3: =Total!$J$8 -> ID # (UC431M1D2B-01 SW BC60) Plastic Housing
B4: =Total!A10 -> S261 | C4: =Total!B10 -> 55 | D4: =Total!D10 -> MeWP200W STLA-F TRIPUMP0112 | E4: =Total!$D$8 -> ID # (PLUC431M1D0A-01) SW:B1C1 | F4: =Total!G10 -> 10.01.2024MeWP 80W STLA-F TP EDM0094 | G4: =Total!$G$8 -> ID # (UC431M1D1B-01) SW B530 Aluminum Housing | H4: =Total!J10 -> MeWP 80W STLA EVO BCP0108 | I4: =Total!$J$8 -> ID # (UC431M1D2B-01 SW BC60) Plastic Housing
B5: =Total!A11 -> S247 | C5: =Total!B11 -> 34 | D5: =Total!D11 -> MeWP200W STLA-F TRIPUMP0091 | E5: =Total!$D$8 -> ID # (PLUC431M1D0A-01) SW:B1C1 | F5: =Total!G11 -> 10.01.2024MeWP 80W STLA-F TP EDM0093 | G5: =Total!$G$8 -> ID # (UC431M1D1B-01) SW B530 Aluminum Housing | H5: =Total!J11 -> MeWP 80W STLA EVO BCP0111 | I5: =Total!$J$8 -> ID # (UC431M1D2B-01 SW BC60) Plastic Housing
B6: =Total!A12 -> S248 | C6: =Total!B12 -> 38 | D6: =Total!D12 -> MeWP200W STLA-F TRIPUMP0095 | E6: =Total!$D$8 -> ID # (PLUC431M1D0A-01) SW:B1C1 | F6: =Total!G12 -> 10.01.2024MeWP 80W STLA-F TP EDM0095 | G6: =Total!$G$8 -> ID # (UC431M1D1B-01) SW B530 Aluminum Housing | H6: =Total!J12 -> MeWP 80W STLA EVO BCP0100 | I6: =Total!$J$8 -> ID # (UC431M1D2B-01 SW BC60) Plastic Housing
B7: =Total!A13 -> S249 | C7: =Total!B13 -> 39 | D7: =Total!D13 -> MeWP200W STLA-F TRIPUMP0088 | E7: =Total!$D$8 -> ID # (PLUC431M1D0A-01) SW:B1C1 | F7: =Total!G13 -> 10.01.2024MeWP 80W STLA-F TP EDM0085 | G7: =Total!$G$8 -> ID # (UC431M1D1B-01) SW B530 Aluminum Housing | H7: =Total!J13 -> MeWP 80W STLA EVO BCP0119 | I7: =Total!$J$8 -> ID # (UC431M1D2B-01 SW BC60) Plastic Housing
B8: =Total!A14 -> S250 | C8: =Total!B14 -> 40 | D8: =Total!D14 -> MeWP200W STLA-F TRIPUMP0079 | E8: =Total!$D$8 -> ID # (PLUC431M1D0A-01) SW:B1C1 | F8: =Total!G14 -> 23.01.2024MeWP 80W STLA-F TP EDM0117 | G8: =Total!$G$8 -> ID # (UC431M1D1B-01) SW B530 Aluminum Housing | H8: =Total!J14 -> MeWP 80W STLA EVO BCP0083 | I8: =Total!$J$8 -> ID # (UC431M1D2B-01 SW BC60) Plastic Housing
B9: =Total!A15 -> S251 | C9: =Total!B15 -> 41 | D9: =Total!D15 -> MeWP200W STLA-F TRIPUMP0063 | E9: =Total!$D$8 -> ID # (PLUC431M1D0A-01) SW:B1C1 | F9: =Total!G15 -> 10.01.2024MeWP 80W STLA-F TP EDM0097 | G9: =Total!$G$8 -> ID # (UC431M1D1B-01) SW B530 Aluminum Housing | H9: =Total!J15 -> MeWP 80W STLA EVO BCP0105 | I9: =Total!$J$8 -> ID # (UC431M1D2B-01 SW BC60) Plastic Housing
B10: =Total!A16 -> S252 | C10: =Total!B16 -> 42 | D10: =Total!D16 -> MeWP200W STLA-F TRIPUMP0039 | E10: =Total!$D$8 -> ID # (PLUC431M1D0A-01) SW:B1C1 | F10: =Total!G16 -> 23.01.2024MeWP 80W STLA-F TP EDM0114 | G10: =Total!$G$8 -> ID # (UC431M1D1B-01) SW B530 Aluminum Housing | H10: =Total!J16 -> MeWP 80W STLA EVO BCP0118 | I10: =Total!$J$8 -> ID # (UC431M1D2B-01 SW BC60) Plastic Housing
B11: =Total!A17 -> S253 | C11: =Total!B17 -> 29 | D11: =Total!D17 -> MeWP200W STLA-F TRIPUMP0062 | E11: =Total!$D$8 -> ID # (PLUC431M1D0A-01) SW:B1C1 | F11: =Total!G17 -> 10.01.2024MeWP 80W STLA-F TP EDM0096 | G11: =Total!$G$8 -> ID # (UC431M1D1B-01) SW B530 Aluminum Housing | H11: =Total!J17 -> MeWP 80W STLA EVO BCP0104 | I11: =Total!$J$8 -> ID # (UC431M1D2B-01 SW BC60) Plastic Housing
B12: =Total!A18 -> S254 | C12: =Total!B18 -> 30 | D12: =Total!D18 -> MeWP200W STLA-F TRIPUMP0078 | E12: =Total!$D$8 -> ID # (PLUC431M1D0A-01) SW:B1C1 | F12: =Total!G18 -> 10.01.2024MeWP 80W STLA-F TP EDM0110 | G12: =Total!$G$8 -> ID # (UC431M1D1B-01) SW B530 Aluminum Housing | H12: =Total!J18 -> MeWP 80W STLA EVO BCP0107 | I12: =Total!$J$8 -> ID # (UC431M1D2B-01 SW BC60) Plastic Housing
B13: =Total!A19 -> S255 | C13: =Total!B19 -> 31 | D13: =Total!D19 -> MeWP200W STLA-F TRIPUMP0060 | E13: =Total!$D$8 -> ID # (PLUC431M1D0A-01) SW:B1C1 | F13: =Total!G19 -> 10.01.2024MeWP 80W STLA-F TP EDM0112 | G13: =Total!$G$8 -> ID # (UC431M1D1B-01) SW B530 Aluminum Housing | H13: =Total!J19 -> MeWP 80W STLA EVO BCP0103 | I13: =Total!$J$8 -> ID # (UC431M1D2B-01 SW BC60) Plastic Housing
B14: =Total!A20 -> S256 | C14: =Total!B20 -> 32 | D14: =Total!D20 -> MeWP200W STLA-F TRIPUMP0111 | E14: =Total!$D$8 -> ID # (PLUC431M1D0A-01) SW:B1C1 | F14: =Total!G20 -> 10.01.2024MeWP 80W STLA-F TP EDM0088 | G14: =Total!$G$8 -> ID # (UC431M1D1B-01) SW B530 Aluminum Housing | H14: =Total!J20 -> MeWP 80W STLA EVO BCP0114 | I14: =Total!$J$8 -> ID # (UC431M1D2B-01 SW BC60) Plastic Housing
... B89: =Total!A95 -> S272 | C89: =Total!B95 -> 56 | D89: =Total!D95 -> MeWP200W STLA-F TRIPUMP0138 | E89: =Total!$D$8 -> ID # (PLUC431M1D0A-01) SW:B1C1 | F89: =Total!G95 -> 30.01.2024MeWP 80W STLA-F TP EDM0123 | G89: =Total!$G$8 -> ID # (UC431M1D1B-01) SW B530 Aluminum Housing | H89: =Total!J95 -> MeWP 80W STLA EVO BCP0132 | I89: =Total!$J$8 -> ID # (UC431M1D2B-01 SW BC60) Plastic Housing

Sheet Total
A5: TR # | C5: CC24.03240 | F5: Date: | G5: 45338
A6: Program: | C6: Stellantis Coolant Control Module | F6: Technician: | G6: PN
A7: Assembly ID | B7: Manifold | D7: MeWP200 | G7: MeWP80 (EDM) | J7: MeWP80 (EVO) | M7: 3 Isolators Installed in Correct Direction? | N7: Leak Test at 1.4bar & 192cc Volume (<0.5cc/min) | O7: Label(s) Applied ?
B8: ID # | C8: Gauge Check (Pass/Fail) | D8: ID # (PLUC431M1D0A-01) SW:B1C1 | E8: O-ring installed? | F8: Screws Torque (2.6±0.2Nm @500rpm) | G8: ID # (UC431M1D1B-01) SW B530 Aluminum Housing | H8: O-ring Installed? | I8: Screws Torque (2.6±0.2Nm @500rpm) | J8: ID # (UC431M1D2B-01 SW BC60) Plastic Housing | K8: O-ring Installed? | L8: Screws Torque (2.6±0.2Nm @500rpm)
A9: S260 | B9: 52 | C9: F 0.05 | D9: MeWP200W STLA-F TRIPUMP0105 | E9: Y | F9: 2.58~2.67 | G9: 23.01.2024MeWP 80W STLA-F TP EDM0116 | H9: Y | I9: 2.65~2.78 | J9: MeWP 80W STLA EVO BCP0102 | K9: Y | L9: 2.55~2.63 | M9: Y | N9: 0.407 | O9: Y
A10: S261 | B10: 55 | C10: P | D10: MeWP200W STLA-F TRIPUMP0112 | E10: Y | F10: 2.64~2.72 | G10: 10.01.2024MeWP 80W STLA-F TP EDM0094 | H10: Y | I10: 2.66~2.78 | J10: MeWP 80W STLA EVO BCP0108 | K10: Y | L10: 2.55~2.60 | M10: Y | N10: 0.393 | O10: Y
A11: S247 | B11: 34 | C11: P | D11: MeWP200W STLA-F TRIPUMP0091 | E11: Y | F11: 2.59~2.71 | G11: 10.01.2024MeWP 80W STLA-F TP EDM0093 | H11: Y | I11: 2.71~2.80 | J11: MeWP 80W STLA EVO BCP0111 | K11: Y | L11: 2.55~2.67 | M11: Y | N11: 0.41 | O11: Y
A12: S248 | B12: 38 | C12: F 0.1 | D12: MeWP200W STLA-F TRIPUMP0095 | E12: Y | F12: 2.62~2.69 | G12: 10.01.2024MeWP 80W STLA-F TP EDM0095 | H12: Y | I12: 2.66~2.76 | J12: MeWP 80W STLA EVO BCP0100 | K12: Y | L12: 2.53~2.58 | M12: Y | N12: 0.9~1.1 | O12: Y
A13: S249 | B13: 39 | C13: F 0.05 | D13: MeWP200W STLA-F TRIPUMP0088 | E13: Y | F13: 2.61~2.75 | G13: 10.01.2024MeWP 80W STLA-F TP EDM0085 | H13: Y | I13: 2.63~2.78 | J13: MeWP 80W STLA EVO BCP0119 | K13: Y | L13: 2.56~2.61 | M13: Y | N13: 0.459 | O13: Y
A14: S250 | B14: 40 | C14: F 0.06 | D14: MeWP200W STLA-F TRIPUMP0079 | E14: Y | F14: 2.59~2.73 | G14: 23.01.2024MeWP 80W STLA-F TP EDM0117 | H14: Y | I14: 2.73~2.80 | J14: MeWP 80W STLA EVO BCP0083 | K14: Y | L14: 2.56~2.65 | M14: Y | N14: 0.367 | O14: Y
A15: S251 | B15: 41 | C15: P | D15: MeWP200W STLA-F TRIPUMP0063 | E15: Y | F15: 2.59~2.73 | G15: 10.01.2024MeWP 80W STLA-F TP EDM0097 | H15: Y | I15: 2.71~2.76 | J15: MeWP 80W STLA EVO BCP0105 | K15: Y | L15: 2.61~2.63 | M15: Y | N15: 0.387 | O15: Y
A16: S252 | B16: 42 | C16: F 0.1 | D16: MeWP200W STLA-F TRIPUMP0039 | E16: Y | F16: 2.71~2.77 | G16: 23.01.2024MeWP 80W STLA-F TP EDM0114 | H16: Y | I16: 2.75~2.78 | J16: MeWP 80W STLA EVO BCP0118 | K16: Y | L16: 2.59~2.61 | M16: Y | N16: 0.407 | O16: Y
A17: S253 | B17: 29 | C17: F 0.10 | D17: MeWP200W STLA-F TRIPUMP0062 | E17: Y | F17: 2.62~2.76 | G17: 10.01.2024MeWP 80W STLA-F TP EDM0096 | H17: Y | I17: 2.66~2.71 | J17: MeWP 80W STLA EVO BCP0104 | K17: Y | L17: 2.55~2.69 | M17: Y | N17: 0.367 | O17: Y
A18: S254 | B18: 30 | C18: F 0.17 | D18: MeWP200W STLA-F TRIPUMP0078 | E18: Y | F18: 2.53~2.73 | G18: 10.01.2024MeWP 80W STLA-F TP EDM0110 | H18: Y | I18: 2.67~2.74 | J18: MeWP 80W STLA EVO BCP0107 | K18: Y | L18: 2.55~2.63 | M18: Y | N18: 0.413 | O18: Y
A19: S255 | B19: 31 | C19: F 0.14 | D19: MeWP200W STLA-F TRIPUMP0060 | E19: Y | F19: 2.63~2.70 | G19: 10.01.2024MeWP 80W STLA-F TP EDM0112 | H19: Y | I19: 2.70~2.80 | J19: MeWP 80W STLA EVO BCP0103 | K19: Y | L19: 2.56~2.62 | M19: Y | N19: 0.436 | O19: Y
A20: S256 | B20: 32 | C20: F 0.09 | D20: MeWP200W STLA-F TRIPUMP0111 | E20: Y | F20: 2.61~2.69 | G20: 10.01.2024MeWP 80W STLA-F TP EDM0088 | H20: Y | I20: 2.66~2.79 | J20: MeWP 80W STLA EVO BCP0114 | K20: Y | L20: 2.59~2.63 | M20: Y | N20: 0.381 | O20: Y
A21: S257 | B21: 33 | C21: F 0.02 | D21: MeWP200W STLA-F TRIPUMP0114 | E21: Y | F21: 2.63~2.76 | G21: 10.01.2024MeWP 80W STLA-F TP EDM0111 | H21: Y | I21: 2.67~2.75 | J21: MeWP 80W STLA EVO BCP0109 | K21: Y | L21: 2.56~2.59 | M21: Y | N21: 0.381 | O21: Y
A22: S258 | B22: 49 | C22: F 0.1 | D22: MeWP200W STLA-F TRIPUMP0090 | E22: Y | F22: 2.56~2.76 | G22: 10.01.2024MeWP 80W STLA-F TP EDM0089 | H22: Y | I22: 2.63~2.75 | J22: MeWP 80W STLA EVO BCP0095 | K22: Y | L22: 2.56~2.60 | M22: Y | N22: 0.381 | O22: Y
A23: S227 | B23: 16 | C23: F 0.02 | D23: MeWP200W STLA-F TRIPUMP0123 | E23: Y | F23: 2.60~2.65 | G23: 23.01.2024MeWP 80W STLA-F TP EDM0120 | H23: Y | I23: 2.68~2.77 | J23: MeWP 80W STLA EVO BCP0101 | K23: Y | L23: 2.54~2.62 | M23: Y | N23: 0.396 | O23: Y
A24: S228 | B24: 17 | C24: P | D24: MeWP200W STLA-F TRIPUMP0093 | E24: Y | F24: 2.62~2.68 | G24: 10.01.2024MeWP 80W STLA-F TP EDM0107 | H24: Y | I24: 2.64~2.77 | J24: MeWP 80W STLA EVO BCP0098 | K24: Y | L24: 2.55~2.64 | M24: Y | N24: 0.417 | O24: Y
... A30: S234 | B30: 23 | C30: P | D30: MeWP200W STLA-F TRIPUMP0085 | E30: Y | F30: 2.57~2.68 | G30: 10.01.2024MeWP 80W STLA-F TP EDM0083 | H30: Y | I30: 2.74~2.80 | J30: MeWP 80W STLA EVO BCP0096 | K30: Y | L30: 2.54~2.62 | M30: Y | N30: 0.351 | O30: Y
A31: S235 | B31: 24 | C31: F 0.02 | D31: MeWP200W STLA-F TRIPUMP0100 | E31: Y | F31: 2.63~2.69 | G31: 10.01.2024MeWP 80W STLA-F TP EDM0109 | H31: Y | I31: 2.60~2.68 | J31: MeWP 80W STLA EVO BCP0093 | K31: Y | L31: 2.56~2.58 | M31: Y | N31: Manifold Leaking | O31: Y
A32: S236 | B32: 25 | C32: F 0.06 | D32: MeWP200W STLA-F TRIPUMP0122 | E32: Y | F32: 2.62~2.67 | G32: 15.12.2023MeWP 80W STLA-F TP EDM0082 | H32: Y | I32: 2.66~2.75 | J32: MeWP 80W STLA EVO BCP0088 | K32: Y | L32: 2.51~2.60 | M32: Y | N32: 0.456 | O32: Y
A33: S237 | B33: 26 | C33: F 0.11 | D33: MeWP200W STLA-F TRIPUMP0109 | E33: Y | F33: 2.63~2.72 | G33: 10.01.2024MeWP 80W STLA-F TP EDM0092 | H33: Y | I33: 2.76~2.79 | J33: MeWP 80W STLA EVO BCP0099 | K33: Y | L33: 2.57~2.64 | M33: Y | N33: 0.456 | O33: Y
A34: S238 | B34: 27 | C34: F 0.1 | D34: MeWP200W STLA-F TRIPUMP0102 | E34: Y | F34: 2.62~2.76 | G34: 10.01.2024MeWP 80W STLA-F TP EDM0102 | H34: Y | I34: 2.72~2.77 | J34: MeWP 80W STLA EVO BCP0084 | K34: Y | L34: 2.57~2.63 | M34: Y | N34: 0.414 | O34: Y
A35: S239 | B35: 28 | C35: F 0.08 | D35: MeWP200W STLA-F TRIPUMP0092 | E35: Y | F35: 2.62~2.74 | G35: 23.01.2024MeWP 80W STLA-F TP EDM0118 | H35: Y | I35: 2.71~2.76 | J35: MeWP 80W STLA EVO BCP0086 | K35: Y | L35: 2.57~2.65 | M35: Y | N35: 0.435 | O35: Y
A36: S240 | B36: 5 | C36: F 0.06 | D36: MeWP200W STLA-F TRIPUMP0087 | E36: Y | F36: 2.67~2.80 | G36: 10.01.2024MeWP 80W STLA-F TP EDM0087 | H36: Y | I36: 2.72~2.80 | J36: MeWP 80W STLA EVO BCP0094 | K36: Y | L36: 2.60~2.65 | M36: Y | N36: 0.433 | O36: Y
A37: S241 | B37: 6 | C37: F 0.08 | D37: MeWP200W STLA-F TRIPUMP0108 | E37: Y | F37: 2.64~2.70 | G37: 10.01.2024MeWP 80W STLA-F TP EDM0100 | H37: Y | I37: 2.73~2.79 | J37: MeWP 80W STLA EVO BCP0112 | K37: Y | L37: 2.50~2.57 | M37: Y | N37: 0.433 | O37: Y
A38: S242 | B38: 7 | C38: F 0.13 | D38: MeWP200W STLA-F TRIPUMP0107 | E38: Y | F38: 2.66~2.74 | G38: 10.01.2024MeWP 80W STLA-F TP EDM0099 | H38: Y | I38: 2.69~2.79 | J38: MeWP 80W STLA EVO BCP0097 | K38: Y | L38: 2.61~2.63 | M38: Y | N38: 0.451 | O38: Y
A39: S243 | B39: 9 | C39: F 0.08 | D39: MeWP200W STLA-F TRIPUMP0115 | E39: Y | F39: 2.58~2.80 | G39: 10.01.2024MeWP 80W STLA-F TP EDM0086 | H39: Y | I39: 2.70~2.80 | J39: MeWP 80W STLA EVO BCP0085 | K39: Y | L39: 2.60~2.62 | M39: Y | N39: 0.441 | O39: Y
A40: S244 | B40: 35 | C40: F 0.04 | D40: MeWP200W STLA-F TRIPUMP0121 | E40: Y | F40: 2.62~2.72 | G40: 15.12.2023MeWP 80W STLA-F TP EDM0081 | H40: Y | I40: 2.66~2.80 | J40: MeWP 80W STLA EVO BCP0091 | K40: Y | L40: 2.59~2.66 | M40: Y | N40: 0.441 | O40: Y
A41: S245 | B41: 36 | C41: F 0.07 | D41: MeWP200W STLA-F TRIPUMP0116 | E41: Y | F41: 2.58~2.66 | G41: 10.01.2024MeWP 80W STLA-F TP EDM0101 | H41: Y | I41: 2.70~2.77 | J41: MeWP 80W STLA EVO BCP0087 | K41: Y | L41: 2.55~2.62 | M41: Y | N41: Manifold Leaking | O41: Y
A42: S246 | B42: 37 | C42: F 0.03 | D42: MeWP200W STLA-F TRIPUMP0104 | E42: Y | F42: 2.57~2.76 | G42: 10.01.2024MeWP 80W STLA-F TP EDM0104 | H42: Y | I42: 2.72~2.78 | J42: MeWP 80W STLA EVO BCP0089 | K42: Y | L42: 2.57~2.62 | M42: Y | N42: 0.399 | O42: Y
A43: S222 | B43: 11 | C43: FAILED MAX 0.114MM | D43: MeWP200W STLA-F TRIPUMP0071 | E43: Y | F43: 2.55-2.72 | G43: 15.12.2023MeWP 80W STLA-F TP EDM0069 | H43: Y | I43: 2.62-2.71 | J43: MeWP 80W STLA EVO BCP0061 | K43: Y | L43: 2.54-2.58 | M43: Y | N43: 0.412 | O43: Y
A44: S223 | B44: 12 | C44: FAILED MAX 0.124MM | D44: MeWP200W STLA-F TRIPUMP0073 | E44: Y | F44: 2.56-2.70 | G44: 15.12.2023MeWP 80W STLA-F TP EDM0072 | H44: Y | I44: 2.63-2.73 | J44: MeWP 80W STLA EVO BCP0065 | K44: Y | L44: 2.56-2.62 | M44: Y | N44: 0.359 | O44: Y
A45: S224 | B45: 13 | C45: FAILED MAX 0.147MM | D45: MeWP200W STLA-F TRIPUMP0075 | E45: Y | F45: 2.55-2.75 | G45: 15.12.2023MeWP 80W STLA-F TP EDM0074 | H45: Y | I45: 2.64-2.80 | J45: MeWP 80W STLA EVO BCP0066 | K45: Y | L45: 2.64-2.80 | M45: Y | N45: 0.304 | O45: Y
A46: S225 | B46: 14 | C46: FAILED MAX 0.097MM | D46: MeWP200W STLA-F TRIPUMP0076 | E46: Y | F46: 2.56-2.69 | G46: 15.12.2023MeWP 80W STLA-F TP EDM0076 | H46: Y | I46: 2.59-2.71 | J46: MeWP 80W STLA EVO BCP0079 | K46: Y | L46: 2.59-2.71 | M46: Y | N46: 0.304 | O46: Y
A47: S226 | B47: 15 | C47: FAILED 0.030MM | D47: MeWP200W STLA-F TRIPUMP0098 | E47: Y | F47: 2.55-2.63 | G47: 10.01.2024MeWP 80W STLA-F TP EDM0106 | H47: Y | I47: 2.66-2.72 | J47: MeWP 80W STLA EVO BCP0081 | K47: Y | L47: 2.50-2.66 | M47: Y | N47: 0.454 | O47: Y
A48: S217 | B48: 2 | C48: F (0.11mm Max) | D48: MeWP200W STLA-F TRIPUMP0074 | E48: Y | F48: 2.57~2.69 | G48: 15.12.2023MeWP 80W STLA-F TP EDM0061 | H48: Y | I48: 2.72~2.74 | J48: MeWP 80W STLA EVO BCP0069 | K48: Y | L48: 2.53~2.63 | M48: Y | N48: 0.34 | O48: Y
A49: S218 | B49: 3 | C49: F (0.108mm Max) | D49: MeWP200W STLA-F TRIPUMP0061 | E49: Y | F49: 2.62~2.71 | G49: 15.12.2023MeWP 80W STLA-F TP EDM0065 | H49: Y | I49: 2.64~2.74 | J49: MeWP 80W STLA EVO BCP0064 | K49: Y | L49: 2.59~2.71 | M49: Y | N49: 0.315 | O49: Y
A50: S219 | B50: 4 | C50: P | D50: MeWP200W STLA-F TRIPUMP0081 | E50: Y | F50: 2.63~2.74 | G50: 15.12.2023MeWP 80W STLA-F TP EDM0070 | H50: Y | I50: 2.71~2.80 | J50: MeWP 80W STLA EVO BCP0060 | K50: Y | L50: 2.53~2.65 | M50: Y | N50: 0.308 | O50: Y
A51: S220 | B51: 8 | C51: Fail 0.08 max | D51: MeWP200W STLA-F TRIPUMP0064 | E51: Y | F51: 2.63~2.71 | G51: 15.12.2023MeWP 80W STLA-F TP EDM0064 | H51: Y | I51: 2.71~2.80 | J51: MeWP 80W STLA EVO BCP0063 | K51: Y | L51: 2.57~2.63 | M51: Y | N51: 0.394 | O51: Y
A52: S221 | B52: 10 | C52: Fail 0.04 max | D52: MeWP200W STLA-F TRIPUMP0082 | E52: Y | F52: 2.57~2.69 | G52: 15.12.2023MeWP 80W STLA-F TP EDM0078 | H52: Y | I52: 2.59~2.69 | J52: MeWP 80W STLA EVO BCP0074 | K52: Y | L52: 2.53~2.57 | M52: Y | N52: 0.299 | O52: Y
A53: S212 | B53: 1 | C53: P | D53: 034 | E53: Y | F53: 2.50~2.61 | G53: 031 | H53: Y | I53: 2.51~2.67 | J53: 45 | K53: Y | L53: 2.50~2.63 | M53: N/A | N53: 0.475 | O53: Y
A54: S213 | B54: 2 | C54: P | D54: MeWP200W STLA-F TRIPUMP0065 | E54: Y | F54: 2.59~2.69 | G54: 15.12.2023MeWP 80W STLA-F TP EDM0062 | H54: Y | I54: 2.62~2.72 | J54: MeWP 80W STLA EVO BCP0075 | K54: Y | L54: 2.55~2.60 | M54: Y | N54: 0.072 | O54: Y
A55: S214 | B55: 3 | C55: P | D55: MeWP200W STLA-F TRIPUMP0066 | E55: Y | F55: 2.58~2.74 | G55: 15.12.2023MeWP 80W STLA-F TP EDM0063 | H55: Y | I55: 2.53~2.72 | J55: MeWP 80W STLA EVO BCP0076 | K55: Y | L55: 2.55~2.60 | M55: Y | N55: 0.07 | O55: Y
A56: S215 | B56: 4 | C56: P | D56: MeWP200W STLA-F TRIPUMP0068 | E56: Y | F56: 2.55~2.69 | G56: 15.12.2023MeWP 80W STLA-F TP EDM0068 | H56: Y | I56: 2.65~2.74 | J56: MeWP 80W STLA EVO BCP0078 | K56: Y | L56: 2.56~2.64 | M56: Y | N56: 0.337 | O56: Y
A57: reworked S212 | B57: 1 | C57: P | D57: MeWP200W STLA-F TRIPUMP0067 | E57: Y | F57: 2.50~2.68 | G57: 15.12.2023MeWP 80W STLA-F TP EDM0067 | H57: Y | I57: 2.61~2.72 | J57: MeWP 80W STLA EVO BCP0077 | K57: Y | L57: 2.53~2.61 | M57: Y | N57: 0.333 | O57: Y
A58: S216 | B58: 1 | C58: P | D58: MeWP200W STLA-F TRIPUMP0080 | E58: Y | F58: 2.58~2.63 | G58: 15.12.2023MeWP 80W STLA-F TP EDM0071 | H58: Y | I58: 2.59~2.75 | J58: MeWP 80W STLA EVO BCP0070 | K58: Y | L58: 2.56~2.63 | M58: Y | N58: 0.41 | O58: Y
A59: S207 | B59: 8 | C59: P | D59: MeWP200W STLA-F TRIPUMP0046 | E59: Y | F59: 2.62-2.69 | G59: 09.08.2023MeWP 80W STLA-F TP EDM0038 | H59: Y | I59: 2.68-2.72 | J59: MeWP 80W STLA EVO BCP0039 | K59: Y | L59: 2.60-2.69 | M59: Y | N59: 0.411 | O59: Y
A60: S208 | B60: 11 | C60: P | D60: MeWP200W STLA-F TRIPUMP0041 | E60: Y | F60: 2.61-2.76 | G60: 09.08.2023MeWP 80W STLA-F TP EDM0033 | H60: Y | I60: 2.69-2.76 | J60: MeWP 80W STLA EVO BCP0034 | K60: Y | L60: 2.53-2.60 | M60: Y | N60: 0.433 | O60: Y
A61: S209 | B61: 4 | C61: P | D61: MeWP200W STLA-F TRIPUMP0036 | E61: Y | F61: 2.64-2.70 | G61: 09.08.2023MeWP 80W STLA-F TP EDM0032 | H61: Y | I61: 2.67-2.79 | J61: MeWP 80W STLA EVO BCP0044 | K61: Y | L61: 2.56-2.60 | M61: Y | N61: 0.362 | O61: Y
A62: S210 | B62: 14 | C62: P | D62: MeWP200W STLA-F TRIPUMP0045 | E62: Y | F62: 2.69-2.80 | G62: 09.08.2023MeWP 80W STLA-F TP EDM0037 | H62: Y | I62: 2.64-2.77 | J62: MeWP 80W STLA EVO BCP0038 | K62: Y | L62: 2.57-2.62 | M62: Y | N62: 0.405 | O62: Y
A63: S205 | C63: Y | D63: MeWP200W STLA-F TRIPUMP0050 | E63: 2.8 | F63: 2.71 | G63: 09.08.2023MeWP 80W STLA-F TP EDM0042 | H63: 2.8 | J63: MeWP 80W STLA EVO BCP0032 | K63: N/A | L63: 2.8 | M63: 2.8 | O63: 2.74
A64: S206 | C64: Y | D64: MeWP200W STLA-F TRIPUMP0049 | E64: 2.8 | F64: 2.72 | G64: 09.08.2023MeWP 80W STLA-F TP EDM0041 | H64: 2.72 | J64: MeWP 80W STLA EVO BCP0037 | K64: N/A | L64: 2.8 | M64: 2.8 | O64: 2.78
A65: S202 | D65: MeWP200W STLA-F TRIPUMP0051 | G65: 09.08.2023MeWP 80W STLA-F TP EDM0043 | J65: MeWP 80W STLA EVO BCP0033
A66: S118 | D66: MeWP200W STLA-F TRIPUMP0037 | G66: 21.06.2023MeWP 80W STLA-F TP EDM 0022 | J66: MeWP 80W STLA EVO BCP0020
A67: S119 | D67: MeWP200W STLA-F TRIPUMP0027 | G67: 21.06.2023MeWP 80W STLA-F TP EDM 0021 | J67: MeWP 80W STLA EVO BCP0027
A68: S120 | D68: MeWP200W STLA-F TRIPUMP0039 | G68: 21.06.2023MeWP 80W STLA-F TP EDM 0025 | J68: MeWP 80W STLA EVO BCP0026
A69: S201 | C69: 15.36 | D69: MeWP200W STLA-F TRIPUMP0032 | E69: 29.86 | F69: 30.18 | G69: 21.06.2023MeWP 80W STLA-F TP EDM 0018 | H69: 0.54 | I69: Y | J69: MeWP 80W STLA EVO BCP0023 | L69: 11.37 | M69: 17.43 | N69: 25.84 | O69: 26.26 | P69: 0.42 | Q69: 0.48 | R69: Y | S69: Y
A70: S113 | C70: 15.88 | D70: MeWP200W STLA-F TRIPUMP0028 | E70: 29.86 | F70: 30.19 | G70: 21.06.2023MeWP 80W STLA-F TP EDM 0027 | H70: 1.05 | I70: Y | J70: MeWP 80W STLA EVO BCP0018 | L70: 11.77 | M70: 17.42 | N70: 25.81 | O70: 26.25 | P70: 0.44 | Q70: 0.89 | R70: Y | S70: 2.4X3
A71: S114 | C71: 15.98 | D71: MeWP200W STLA-F TRIPUMP0031 | E71: 29.74 | F71: 30.04 | G71: 21.06.2023MeWP 80W STLA-F TP EDM 0023 | H71: 1.3 | I71: Y | J71: MeWP 80W STLA EVO BCP0019 | L71: 11.8 | M71: 17.42 | N71: 25.91 | O71: 26.33 | P71: 0.42 | Q71: 0.84 | R71: Y | S71: 2.4X3
A72: S115 | C72: 15.93 | D72: MeWP200W STLA-F TRIPUMP0029 | E72: 29.77 | F72: 30.09 | G72: 21.06.2023MeWP 80W STLA-F TP EDM 0026 | H72: 1.2 | I72: Y | J72: MeWP 80W STLA EVO BCP0024 | L72: 11.77 | M72: 17.4 | N72: 25.83 | O72: 26.28 | P72: 0.45 | Q72: 0.86 | R72: Y | S72: 2.4X3
A73: S116 | C73: 15.91 | D73: MeWP200W STLA-F TRIPUMP0033 | E73: 29.88 | F73: 30.17 | G73: 21.06.2023MeWP 80W STLA-F TP EDM 0024 | H73: 1.1 | I73: Y | J73: MeWP 80W STLA EVO BCP0021 | L73: 11.78 | M73: 17.42 | N73: 25.83 | O73: 26.27 | P73: 0.44 | Q73: 0.88 | R73: Y | S73: 2.4X3
A74: S106 | C74: 15.91 | D74: MeWP200W STLA-F TRIPUMP0005 | E74: 29.86 | F74: 30.18 | G74: 09.06.2023MeWP 80W STLA-F TP EDM 0004 | I74: Y | J74: MeWP 80W STLA EVO BCP0007 | L74: 11.82 | M74: 17.55 | N74: 25.91 | O74: 26.33 | P74: 0.42 | Q74: 0.86 | R74: Y | S74: 2.4x3
A75: S107 | C75: 15.79 | D75: MeWP200W STLA-F TRIPUMP0012 | E75: 29.8 | F75: 29.95 | G75: 09.06.2023MeWP 80W STLA-F TP EDM 0013 | I75: Y | J75: MeWP 80W STLA EVO BCP0008 | L75: 11.74 | M75: 17.54 | N75: 25.93 | O75: 26.37 | P75: 0.44 | Q75: 0.74 | R75: Y | S75: 2.4x3
A76: S108 | C76: 15.75 | D76: MeWP200W STLA-F TRIPUMP0008 | E76: 29.82 | F76: 30.13 | G76: 09.06.2023MeWP 80W STLA-F TP EDM 0007 | I76: Y | J76: MeWP 80W STLA EVO BCP0013 | L76: 11.73 | M76: 17.5 | N76: 25.83 | O76: 26.32 | P76: 0.49 | Q76: 0.78 | R76: Y | S76: 2.4x3
A77: S109 | C77: 15.79 | D77: MeWP200W STLA-F TRIPUMP0007 | E77: 29.8 | F77: 30.1 | G77: 09.06.2023MeWP 80W STLA-F TP EDM 0008 | I77: Y | J77: MeWP 80W STLA EVO BCP0006 | L77: 11.75 | M77: 17.54 | N77: 25.87 | O77: 26.28 | P77: 0.41 | Q77: 0.84 | R77: Y | S77: 2.4x3
A78: S110 | C78: 15.84 | D78: MeWP200W STLA-F TRIPUMP0011 | E78: 29.82 | F78: 30.17 | G78: 09.06.2023MeWP 80W STLA-F TP EDM 0015 | I78: Y | J78: MeWP 80W STLA EVO BCP0014 | L78: 11.75 | M78: 17.53 | N78: 25.9 | O78: 26.31 | P78: 0.41 | Q78: 0.81 | R78: Y | S78: 2.4x3
A79: S111 | C79: 15.9 | D79: MeWP200W STLA-F TRIPUMP0014 | E79: 29.81 | F79: 30.32 | G79: 09.06.2023MeWP 80W STLA-F TP EDM 0009 | I79: Y | J79: MeWP 80W STLA EVO BCP0010 | L79: 11.8 | M79: 17.54 | N79: 25.82 | O79: 26.29 | P79: 0.47 | Q79: 0.88 | R79: Y | S79: 2.4x3
A80: S112 | C80: 15.81 | D80: MeWP200W STLA-F TRIPUMP0013 | E80: 29.88 | F80: 30.2 | G80: 09.06.2023MeWP 80W STLA-F TP EDM 0011 | I80: Y | J80: MeWP 80W STLA EVO BCP0015 | L80: 11.76 | M80: 17.53 | N80: 25.89 | O80: 26.34 | P80: 0.45 | Q80: 0.79 | R80: Y | S80: 2.4x3
A81: S003 | D81: BMW pump | G81: 4230 Lucid | J81: 7269 Lucid
A82: S004 | D82: BMW pump | G82: 4241 Lucid | J82: 4242 Lucid
A83: S006 | D83: BMW pump | G83: 7286 Lucid | J83: 4232 Lucid
A84: S005 | B84: PA 12 40% Glass Filled | C84: NA | D84: BMW pump | E84: Y (New) | F84: 2 ~ 2.5 | G84: 0016 Lucid | H84: NA | I84: NA | J84: 0026 Lucid | K84: 2 ~ 2.5
A85: S262 | B85: 43 | C85: F 0.02 | D85: MeWP200W STLA-F TRIPUMP0135 | E85: Y | F85: 2.56~2.74 | G85: 30.01.2024MeWP 80W STLA-F TP EDM0122 | H85: Y | I85: 2.63~2.72 | J85: MeWP 80W STLA EVO BCP0130
A86: S263 | B86: 44 | C86: F 0.02 | D86: MeWP200W STLA-F TRIPUMP0140 | E86: Y | F86: 2.64~2.74 | G86: 30.01.2024MeWP 80W STLA-F TP EDM0125 | H86: Y | I86: 2.62~2.80 | J86: MeWP 80W STLA EVO BCP0125
A87: S264 | B87: 45 | C87: F 0.05 | D87: MeWP200W STLA-F TRIPUMP0130 | E87: Y | F87: 2.57~2.71 | G87: 30.01.2024MeWP 80W STLA-F TP EDM0130 | H87: Y | I87: 2.63~2.77 | J87: MeWP 80W STLA EVO BCP0120
A88: S265 | B88: 46 | C88: F 0.04 | D88: MeWP200W STLA-F TRIPUMP0129 | E88: Y | F88: 2.59~2.71 | G88: 30.01.2024MeWP 80W STLA-F TP EDM0129 | H88: Y | I88: 2.66~2.71 | J88: MeWP 80W STLA EVO BCP0126
A89: S266 | B89: 47 | C89: F 0.03 | D89: MeWP200W STLA-F TRIPUMP0134 | E89: Y | F89: 2.60~2.72 | G89: 30.01.2024MeWP 80W STLA-F TP EDM0124 | H89: Y | I89: 2.60~2.76 | J89: MeWP 80W STLA EVO BCP0131
A90: S267 | B90: 48 | C90: P | D90: MeWP200W STLA-F TRIPUMP0139 | E90: Y | F90: 2.58~2.73 | G90: 30.01.2024MeWP 80W STLA-F TP EDM0134 | H90: Y | I90: 2.62~2.79 | J90: MeWP 80W STLA EVO BCP0121
A91: S268 | B91: 50 | C91: F 0.03 | D91: MeWP200W STLA-F TRIPUMP0128 | E91: Y | F91: 2.55~2.63 | G91: 30.01.2024MeWP 80W STLA-F TP EDM0133 | H91: Y | I91: 2.62~2.71 | J91: MeWP 80W STLA EVO BCP0122
A92: S269 | B92: 51 | C92: P | D92: MeWP200W STLA-F TRIPUMP0133 | E92: Y | F92: 2.62~2.68 | G92: 30.01.2024MeWP 80W STLA-F TP EDM0128 | H92: Y | I92: 2.69~2.77 | J92: MeWP 80W STLA EVO BCP0127
A93: S270 | B93: 53 | C93: P | D93: MeWP200W STLA-F TRIPUMP0127 | E93: Y | F93: 2.56~2.80 | G93: 30.01.2024MeWP 80W STLA-F TP EDM0132 | H93: Y | I93: 2.59~2.74 | J93: MeWP 80W STLA EVO BCP0134
A94: S271 | B94: 54 | C94: P | D94: MeWP200W STLA-F TRIPUMP0132 | E94: Y | F94: 2.60~2.68 | G94: 30.01.2024MeWP 80W STLA-F TP EDM0127 | H94: Y | I94: 2.67~2.80 | J94: MeWP 80W STLA EVO BCP0128
A95: S272 | B95: 56 | C95: P | D95: MeWP200W STLA-F TRIPUMP0138 | E95: Y | F95: 2.61~2.72 | G95: 30.01.2024MeWP 80W STLA-F TP EDM0123 | H95: Y | I95: 2.66~2.75 | J95: MeWP 80W STLA EVO BCP0132

Sheet 19
A5: TR # | C5: CC24.04777 | F5: Date: | G5: 45369
A6: Program: | C6: Stellantis Coolant Control Module | F6: Technician: | G6: PN
A7: Assembly ID | B7: Manifold | D7: MeWP200 | G7: MeWP80 (EDM) | J7: MeWP80 (EVO) | M7: 3 Isolators Installed in Correct Direction? | N7: Leak Test at 1.4bar & 192cc Volume (<0.5cc/min) | O7: Label(s) Applied ?
B8: ID # | C8: Gauge Check (Pass/Fail) | D8: ID # (PLUC431M1D0A-01) SW:B1C1 | E8: O-ring installed? | F8: Screws Torque (2.6±0.2Nm @500rpm) | G8: ID # (UC431M1D1B-01) SW B530 Aluminum Housing | H8: O-ring Installed? | I8: Screws Torque (2.6±0.2Nm @500rpm) | J8: ID # (UC431M1D2B-01 SW BC60) Plastic Housing | K8: O-ring Installed? | L8: Screws Torque (2.6±0.2Nm @500rpm)
A9: S262 | B9: 43 | C9: F 0.02 | D9: MeWP200W STLA-F TRIPUMP0135 | E9: Y | F9: 2.56~2.74 | G9: 30.01.2024MeWP 80W STLA-F TP EDM0122 | H9: Y | I9: 2.63~2.72 | J9: MeWP 80W STLA EVO BCP0130 | K9: Y | L9: 2.56~2.58 | M9: Y | N9: 0.289 | O9: Y
A10: S263 | B10: 44 | C10: F 0.02 | D10: MeWP200W STLA-F TRIPUMP0140 | E10: Y | F10: 2.64~2.74 | G10: 30.01.2024MeWP 80W STLA-F TP EDM0125 | H10: Y | I10: 2.62~2.80 | J10: MeWP 80W STLA EVO BCP0125 | K10: Y | L10: 2.54~2.58 | M10: Y | N10: 0.247 | O10: Y
A11: S264 | B11: 45 | C11: F 0.05 | D11: MeWP200W STLA-F TRIPUMP0130 | E11: Y | F11: 2.57~2.71 | G11: 30.01.2024MeWP 80W STLA-F TP EDM0130 | H11: Y | I11: 2.63~2.77 | J11: MeWP 80W STLA EVO BCP0120 | K11: Y | L11: 2.56~2.64 | M11: Y | N11: 0.269 | O11: Y
A12: S265 | B12: 46 | C12: F 0.04 | D12: MeWP200W STLA-F TRIPUMP0129 | E12: Y | F12: 2.59~2.71 | G12: 30.01.2024MeWP 80W STLA-F TP EDM0129 | H12: Y | I12: 2.66~2.71 | J12: MeWP 80W STLA EVO BCP0126 | K12: Y | L12: 2.58~2.63 | M12: Y | N12: 0.305 | O12: Y
A13: S266 | B13: 47 | C13: F 0.03 | D13: MeWP200W STLA-F TRIPUMP0134 | E13: Y | F13: 2.60~2.72 | G13: 30.01.2024MeWP 80W STLA-F TP EDM0124 | H13: Y | I13: 2.60~2.76 | J13: MeWP 80W STLA EVO BCP0131 | K13: Y | L13: 2.59~2.60 | M13: Y | N13: 0.316 | O13: Y
A14: S267 | B14: 48 | C14: P | D14: MeWP200W STLA-F TRIPUMP0139 | E14: Y | F14: 2.58~2.73 | G14: 30.01.2024MeWP 80W STLA-F TP EDM0134 | H14: Y | I14: 2.62~2.79 | J14: MeWP 80W STLA EVO BCP0121 | K14: Y | L14: 2.49~2.62 | M14: Y | N14: 0.316 | O14: Y
A15: S268 | B15: 50 | C15: F 0.03 | D15: MeWP200W STLA-F TRIPUMP0128 | E15: Y | F15: 2.55~2.63 | G15: 30.01.2024MeWP 80W STLA-F TP EDM0133 | H15: Y | I15: 2.62~2.71 | J15: MeWP 80W STLA EVO BCP0122 | K15: Y | L15: 2.56~2.64 | M15: Y | N15: 0.398 | O15: Y
A16: S269 | B16: 51 | C16: P | D16: MeWP200W STLA-F TRIPUMP0133 | E16: Y | F16: 2.62~2.68 | G16: 30.01.2024MeWP 80W STLA-F TP EDM0128 | H16: Y | I16: 2.69~2.77 | J16: MeWP 80W STLA EVO BCP0127 | K16: Y | L16: 2.55~2.58 | M16: Y | N16: 0.315 | O16: Y
A17: S270 | B17: 53 | C17: P | D17: MeWP200W STLA-F TRIPUMP0127 | E17: Y | F17: 2.56~2.80 | G17: 30.01.2024MeWP 80W STLA-F TP EDM0132 | H17: Y | I17: 2.59~2.74 | J17: MeWP 80W STLA EVO BCP0134 | K17: Y | L17: 2.54~2.64 | M17: Y | N17: 0.327 | O17: Y
A18: S271 | B18: 54 | C18: P | D18: MeWP200W STLA-F TRIPUMP0132 | E18: Y | F18: 2.60~2.68 | G18: 30.01.2024MeWP 80W STLA-F TP EDM0127 | H18: Y | I18: 2.67~2.80 | J18: MeWP 80W STLA EVO BCP0128 | K18: Y | L18: 2.52~2.65 | M18: Y | N18: 0.327 | O18: Y
A19: S272 | B19: 56 | C19: P | D19: MeWP200W STLA-F TRIPUMP0138 | E19: Y | F19: 2.61~2.72 | G19: 30.01.2024MeWP 80W STLA-F TP EDM0123 | H19: Y | I19: 2.66~2.75 | J19: MeWP 80W STLA EVO BCP0132 | K19: Y | L19: 2.55~2.62 | M19: Y | N19: 0.339 | O19: Y

Sheet 18
A2: Module ID | B2: BMW Pump Assembly | D2: Lucid Pump Assembly | F2: Lucid Pump Assembly | H2: 3 Isolators Installed in Correct Direction? | I2: Comments
B3: O-Ring installed with P80? | C3: Screws Torque (2.2±0.2Nm) | D3: O-Ring installed with P80? | E3: Screws Torque (2.2±0.2Nm) | F3: O-Ring installed with P80? | G3: Screws Torque (2.2±0.2Nm)
A4: S001 | B4: Y | C4: 2.2 | D4: Y | E4: 2.2 | F4: Y | G4: 2.2 | H4: Y | I4: BMW pump body was filed due to interference

Sheet 17
A2: Module ID | B2: BMW Pump Assembly | D2: Lucid Pump Assembly | F2: Lucid Pump Assembly | H2: 3 Isolators Installed in Correct Direction? | I2: Comments
B3: O-Ring installed with P80? | C3: Screws Torque (2.2±0.2Nm) | D3: O-Ring installed with P80? | E3: Screws Torque (2.2±0.2Nm) | F3: O-Ring installed with P80? | G3: Screws Torque (2.2±0.2Nm)
A4: S002 | B4: Y | C4: 2.2 | D4: Y | E4: 2.2 | F4: Y | G4: 2.2 | H4: Y | I4: Pumps are from RP#1

Sheet 16
A2: Module ID | B2: Manifold Material | C2: BMW Pump Assembly | G2: Lucid Pump 1 Assembly | L2: Lucid Pump 1 Assembly | Q2: 3 Isolators Installed in Correct Direction? | R2: Comments
C3: Impeller Axial Clearance (0.4) | D3: Thrust Washer Adjustment | E3: O-Ring installed with P80? | F3: Screws Torque (2.2±0.2Nm) | G3: ID # | H3: Thrust Washer Installation Height (17.38±0.1) | I3: Thrust Washer Installation Force (kN) | J3: O-Ring installed with P80? | K3: Screws Torque (2.2±0.2Nm) | L3: ID # | M3: Thrust Washer Installation Height (17.38±0.1) | N3: Thrust Washer Installation Force (kN) | O3: O-Ring installed with P80? | P3: Screws Torque (2.2±0.2Nm)
A4: S005 | B4: PA 12 40% Glass Filled | C4: NA | D4: NA | E4: Y (New) | F4: 2 ~ 2.5 | G4: 0016 | H4: NA | I4: NA | J4: Y (Old) | K4: 2 ~ 2.5 | L4: 0026 | M4: NA | N4: NA | O4: Y (Old) | P4: 2 ~ 2.5 | Q4: Y | R4: 2 Lucid Pumps are from RP#1
A5: S006 | B5: PA 12 40% Glass Filled | C5: 0.37mm | D5: 1.5kN | E5: Y (New) | F5: 2 ~ 2.5 | G5: 7286 | H5: 17.33 | I5: 0.28 | J5: Y (New) | K5: 2 ~ 2.5 | L5: 4232 | M5: 17.4 | N5: 0.28 | O5: Y (New) | P5: 2 ~ 2.5 | Q5: Y | R5: Re-built with Thrust Washers to Lucid Pumps
K12: ~ | P12: ~

Sheet 15
A2: Module ID | B2: Manifold Material | C2: BMW Pump Assembly | G2: Lucid Pump 1 Assembly | L2: Lucid Pump 1 Assembly | Q2: 3 Isolators Installed in Correct Direction? | R2: Comments
C3: Impeller Axial Clearance (0.4mm) | D3: Thrust Washer Adjustment Force (kN) | E3: O-Ring installed with P80? | F3: Screws Torque (2.2±0.2Nm) | G3: ID # | H3: Thrust Washer Installation Height (17.38±0.1) | I3: Thrust Washer Installation Force (kN) | J3: O-Ring installed with P80? | K3: Screws Torque (2.2±0.2Nm) | L3: ID # | M3: Thrust Washer Installation Height (17.38±0.1) | N3: Thrust Washer Installation Force (kN) | O3: O-Ring installed with P80? | P3: Screws Torque (2.2±0.2Nm)
A4: S006 | B4: PA 12 40% Glass Filled | C4: 0.37 | D4: 1.5 | E4: Y (New) | F4: 2 ~ 2.5 | G4: 7286 | H4: 17.33 | I4: 0.28 | J4: Y (New) | K4: 2 ~ 2.5 | L4: 4232 | M4: 17.4 | N4: 0.28 | O4: Y (New) | P4: 2 ~ 2.5 | Q4: Y | R4: Re-built with Thrust Washers to Lucid Pump Shafts

Sheet 14
A2: Manifold ID (Material) | B2: BMW Pump Assembly with Thrust Washer Position Adjustment | G2: Lucid Pump 1 Assembly (EDM) | L2: Lucid Pump 2 Assembly (BCP) | Q2: 3 Isolators Installed in Correct Direction? | R2: Comments
B3: Impeller into Rotor (38.95 ±0.2mm) | C3: Thrust Washer into Shaft (18.17 ±0.1mm) | D3: Impeller Axial Clearance (0.4mm ±0.25) | E3: O-Ring installed with P80? | F3: Screws Torque (2.2±0.2Nm) | G3: ID # | H3: Thrust Washer Installation Height (17.38±0.1) | I3: Thrust Washer Installation Force (kN) | J3: O-Ring installed with P80? | K3: Screws Torque (2.2±0.2Nm) | L3: ID # | M3: Thrust Washer Installation Height (17.38±0.1) | N3: Thrust Washer Installation Force (kN) | O3: O-Ring installed with P80? | P3: Screws Torque (2.2±0.2Nm)
A4: S003 | B4: 38.98 (8.2kN) | C4: 18.20 (0.3kN) | D4: 0.25 | E4: Y | F4: 2.4 | G4: 4230 | H4: 17.45 | I4: 0.39 | J4: Y | K4: 2.4 | L4: 7269 | M4: 17.44 | N4: 0.36 | O4: Y | P4: 2.4 | Q4: Y | R4: Screws from Toolcrib
A5: S004 | B5: 38.99 (8.3kN) | C5: 18.07 (0.3kN) | D5: 0.48 | E5: Y | F5: 2.4 | G5: 4241 | H5: 17.39 | I5: 0.33 | J5: Y | K5: 2.4 | L5: 4242 | M5: 17.44 | N5: 0.38 | O5: Y | P5: 2.4 | Q5: Y | R5: Screws from Toolcrib

Sheet 13
A3: TR # | B3: CC23.13734 | G3: Date: | I3: 45101 | T3: CC23.13734 | Y3: Date: | AA3: 45101
A4: Program: | B4: Stellantis Coolant Control Module | G4: Technician: | I4: PN | T4: Stellantis Coolant Control Module | Y4: Technician: | AA4: PN
A5: Manifold ID | B5: MeWP200 | K5: MeWP80 (EDM) | T5: MeWP80 (BCP) | AC5: 3 Isolators Installed in Correct Direction? | AD5: Leak Test at 1.4bar & 192cc Volume (<0.5cc/min) | AE5: Label Applied ?
B6: ID # (UC431M1D0A-01) | C6: Dist. 1 | D6: Dist. 3 (18.17 ±0.1) | E6: Dist.4 (min) | F6: Dist.4 (max) | G6: Dist. 2 (0.4 ±0.25) | H6: Dist.1+ 15.36-Dist4(max) (1.05±0.5) | I6: O-Ring with P80? | J6: Screws Torque (2.2±0.2Nm) | K6: ID # (UC431M1D1B SW B530) | L6: Dist. 1 | M6: Dist. 3 (17.38 ±0.1) Ref. | N6: Dist.4 (min) | O6: Dist.4 (max) | P6: Dist. 2 (0.4 ±0.25) | Q6: Dist.1+ 15.371-Dist4(max) (0.99±0.5) | R6: O-Ring with P80? | S6: Screws Torque (2.2±0.2Nm) | T6: ID # (UC431M1D2B-01 SW XXXX) | U6: Dist. 1 | V6: Dist. 3 (17.38±0.1) (Referance) | W6: Dist.4 (min) | X6: Dist.4 (max) | Y6: Dist. 2 (0.4±0.25) | Z6: Dist.1 +15.371 -Dist.4(max) (0.99±0.5) | AA6: O-Ring with P80? | AB6: Screws Torque (2.2±0.2Nm)
A7: S106 | B7: MeWP200W STLA-F TRIPUMP0005 | C7: 15.91 | D7: 18.09 | E7: 29.86 | F7: 30.18 | G7: 0.32 | H7: 1.09 | I7: Y | J7: 2.4x4 | K7: 09.06.2023MeWP 80W STLA-F TP EDM 0004 | L7: 11.82 | M7: 17.55 | N7: 25.91 | O7: 26.33 | P7: 0.42 | Q7: 0.86 | R7: Y | S7: 2.4x3 | T7: MeWP 80W STLA EVO BCP0007 | U7: 11.79 | V7: 17.61 | W7: 25.99 | X7: 26.4 | Y7: 0.41 | Z7: 0.76 | AA7: Y | AB7: 2.4x3 | AC7: Y | AD7: 0.19 | AE7: Y
A8: S107 | B8: MeWP200W STLA-F TRIPUMP0012 | C8: 15.79 | D8: 17.87 | E8: 29.8 | F8: 29.95 | G8: 0.15 | H8: 1.23 | I8: Y | J8: 2.4x4 | K8: 09.06.2023MeWP 80W STLA-F TP EDM 0013 | L8: 11.74 | M8: 17.54 | N8: 25.93 | O8: 26.37 | P8: 0.44 | Q8: 0.74 | R8: Y | S8: 2.4x3 | T8: MeWP 80W STLA EVO BCP0008 | U8: 11.72 | V8: 17.62 | W8: 26.14 | X8: 26.49 | Y8: 0.35 | Z8: 0.6 | AA8: Y | AB8: 2.4x3 | AC8: Y | AD8: 0.3 | AE8: Y
A9: S108 | B9: MeWP200W STLA-F TRIPUMP0008 | C9: 15.75 | D9: 18.04 | E9: 29.82 | F9: 30.13 | G9: 0.31 | H9: 0.98 | I9: Y | J9: 2.4x4 | K9: 09.06.2023MeWP 80W STLA-F TP EDM 0007 | L9: 11.73 | M9: 17.5 | N9: 25.83 | O9: 26.32 | P9: 0.49 | Q9: 0.78 | R9: Y | S9: 2.4x3 | T9: MeWP 80W STLA EVO BCP0013 | U9: 11.72 | V9: 17.58 | W9: 26.09 | X9: 26.43 | Y9: 0.34 | Z9: 0.66 | AA9: Y | AB9: 2.4x3 | AC9: Y | AD9: 0.25 | AE9: Y
A10: S109 | B10: MeWP200W STLA-F TRIPUMP0007 | C10: 15.79 | D10: 18.01 | E10: 29.8 | F10: 30.1 | G10: 0.3 | H10: 1.05 | I10: Y | J10: 2.4x4 | K10: 09.06.2023MeWP 80W STLA-F TP EDM 0008 | L10: 11.75 | M10: 17.54 | N10: 25.87 | O10: 26.28 | P10: 0.41 | Q10: 0.84 | R10: Y | S10: 2.4x3 | T10: MeWP 80W STLA EVO BCP0006 | U10: 11.67 | V10: 17.63 | W10: 26.2 | X10: 26.55 | Y10: 0.35 | Z10: 0.49 | AA10: Y | AB10: 2.4x3 | AC10: Y | AD10: 0.27 | AE10: Y
A11: S110 | B11: MeWP200W STLA-F TRIPUMP0011 | C11: 15.84 | D11: 18.1 | E11: 29.82 | F11: 30.17 | G11: 0.35 | H11: 1.03 | I11: Y | J11: 2.4x4 | K11: 09.06.2023MeWP 80W STLA-F TP EDM 0015 | L11: 11.75 | M11: 17.53 | N11: 25.9 | O11: 26.31 | P11: 0.41 | Q11: 0.81 | R11: Y | S11: 2.4x3 | T11: MeWP 80W STLA EVO BCP0014 | U11: 11.76 | V11: 17.62 | W11: 26.1 | X11: 26.52 | Y11: 0.42 | Z11: 0.61 | AA11: Y | AB11: 2.4x3 | AC11: Y | AD11: 0.44 | AE11: Y
A12: S111 | B12: MeWP200W STLA-F TRIPUMP0014 | C12: 15.9 | D12: 18.22 | E12: 29.81 | F12: 30.32 | G12: 0.51 | H12: 0.94 | I12: Y | J12: 2.4x4 | K12: 09.06.2023MeWP 80W STLA-F TP EDM 0009 | L12: 11.8 | M12: 17.54 | N12: 25.82 | O12: 26.29 | P12: 0.47 | Q12: 0.88 | R12: Y | S12: 2.4x3 | T12: MeWP 80W STLA EVO BCP0010 | U12: 11.77 | V12: 17.5 | W12: 26 | X12: 26.35 | Y12: 0.35 | Z12: 0.79 | AA12: Y | AB12: 2.4x3 | AC12: Y | AD12: 0.42 | AE12: Y
A13: S112 | B13: MeWP200W STLA-F TRIPUMP0013 | C13: 15.81 | D13: 18.04 | E13: 29.88 | F13: 30.2 | G13: 0.32 | H13: 0.97 | I13: Y | J13: 2.4x4 | K13: 09.06.2023MeWP 80W STLA-F TP EDM 0011 | L13: 11.76 | M13: 17.53 | N13: 25.89 | O13: 26.34 | P13: 0.45 | Q13: 0.79 | R13: Y | S13: 2.4x3 | T13: MeWP 80W STLA EVO BCP0015 | U13: 11.75 | V13: 17.55 | W13: 26.06 | X13: 26.41 | Y13: 0.35 | Z13: 0.71 | AA13: Y | AB13: 2.4x3 | AC13: Y | AD13: 0.38 | AE13: Y

Sheet 12
A3: TR #: | B3: CC23.16872 | G3: Date: | H3: 45131 | T3: CC23.16872 | Y3: Date: | Z3: JULY 24, 2023
A4: Program: | B4: Stellantis Coolant Control Module | G4: Technician: | I4: PN | T4: Stellantis Coolant Control Module | Y4: Technician: | AA4: PN
A5: Manifold ID | B5: MeWP200 | K5: MeWP80 (EDM) | T5: MeWP80 (BCP) | AC5: 3 Isolators Installed in Correct Direction? | AD5: Leak Test at 1.4bar & 192cc Volume (<0.5cc/min) | AE5: Label Applied ?
B6: ID # | C6: Dist. 1 | D6: Dist. 3 (18.17 ±0.1) | E6: Dist.4 (min) | F6: Dist.4 (max) | G6: Dist. 2 (0.4 ±0.25) | H6: Dist.1+ 15.36-Dist4(max) (1.05±0.5) | I6: O-Ring with P80? | J6: Screws Torque (2.2±0.2Nm) | K6: ID # | L6: Dist. 1 | M6: Dist. 3 (17.38 ±0.1) Ref. | N6: Dist.4 (min) | O6: Dist.4 (max) | P6: Dist. 2 (0.4 ±0.25) | Q6: Dist.1+ 15.371-Dist4(max) (0.99±0.5) | R6: O-Ring with P80? | S6: Screws Torque (2.2±0.2Nm) | T6: ID # | U6: Dist. 1 | V6: Dist. 3 (17.38±0.1) (Referance) | W6: Dist.4 (min) | X6: Dist.4 (max) | Y6: Dist. 2 (0.4±0.25) | Z6: Dist.1 +15.371 -Dist.4(max) (0.99±0.5) | AA6: O-Ring with P80? | AB6: Screws Torque (2.2±0.2Nm)
A7: S113 | B7: MeWP200W STLA-F TRIPUMP0028 | C7: 15.88 | D7: 18.07 | E7: 29.86 | F7: 30.19 | G7: 0.33 | H7: 1.05 | I7: Y | J7: 2.4X4 | K7: 21.06.2023MeWP 80W STLA-F TP EDM 0027 | L7: 11.77 | M7: 17.42 | N7: 25.81 | O7: 26.25 | P7: 0.44 | Q7: 0.89 | R7: Y | S7: 2.4X3 | T7: MeWP 80W STLA EVO BCP0018 | U7: 11.72 | V7: 17.72 | W7: 26.28 | X7: 26.67 | Y7: 0.39 | Z7: 0.42 | AA7: Y | AB7: 2.4X3 | AC7: Y | AD7: 0.452 | AE7: Y
A8: S114 | B8: MeWP200W STLA-F TRIPUMP0031 | C8: 15.98 | D8: 18.07 | E8: 29.74 | F8: 30.04 | G8: 0.3 | H8: 1.3 | I8: Y | J8: 2.4X4 | K8: 21.06.2023MeWP 80W STLA-F TP EDM 0023 | L8: 11.8 | M8: 17.42 | N8: 25.91 | O8: 26.33 | P8: 0.42 | Q8: 0.84 | R8: Y | S8: 2.4X3 | T8: MeWP 80W STLA EVO BCP0019 | U8: 11.81 | V8: 17.52 | W8: 26 | X8: 26.45 | Y8: 0.45 | Z8: 0.73 | AA8: Y | AB8: 2.4X3 | AC8: Y | AD8: 0.488 | AE8: Y
A9: S115 | B9: MeWP200W STLA-F TRIPUMP0029 | C9: 15.93 | D9: 18.09 | E9: 29.77 | F9: 30.09 | G9: 0.32 | H9: 1.2 | I9: Y | J9: 2.4X4 | K9: 21.06.2023MeWP 80W STLA-F TP EDM 0026 | L9: 11.77 | M9: 17.4 | N9: 25.83 | O9: 26.28 | P9: 0.45 | Q9: 0.86 | R9: Y | S9: 2.4X3 | T9: MeWP 80W STLA EVO BCP0024 | U9: 11.76 | V9: 17.53 | W9: 26.04 | X9: 26.49 | Y9: 0.45 | Z9: 0.64 | AA9: Y | AB9: 2.4X3 | AC9: Y | AD9: 0.4 | AE9: Y
A10: S116 | B10: MeWP200W STLA-F TRIPUMP0033 | C10: 15.91 | D10: 18.1 | E10: 29.88 | F10: 30.17 | G10: 0.29 | H10: 1.1 | I10: Y | J10: 2.4X4 | K10: 21.06.2023MeWP 80W STLA-F TP EDM 0024 | L10: 11.78 | M10: 17.42 | N10: 25.83 | O10: 26.27 | P10: 0.44 | Q10: 0.88 | R10: Y | S10: 2.4X3 | T10: MeWP 80W STLA EVO BCP0021 | U10: 11.79 | V10: 17.57 | W10: 26.07 | X10: 26.5 | Y10: 0.43 | Z10: 0.66 | AA10: Y | AB10: 2.4X3 | AC10: Y | AD10: 0.483 | AE10: Y

Sheet 11
A3: TR #: | B3: CC23.17608 | G3: Date: | H3: 45166
A4: Program: | B4: Stellantis Coolant Control Module | G4: Technician: | I4: PN/KG(manifold measurement)
A5: Manifold ID | B5: MeWP200 | K5: MeWP80 (EDM) | T5: MeWP80 (BCP) | AC5: 3 Isolators Installed in Correct Direction? | AD5: Leak Test at 1.4bar & 192cc Volume (<0.5cc/min) | AE5: Label Applied ?
B6: ID # | C6: Dist. 1 | D6: Dist. 3 (18.17 ±0.1) | E6: Dist.4 (min) | F6: Dist.4 (max) | G6: Dist. 2 (0.4 ±0.25) | H6: Dist.1+ 15.36-Dist4(max) (1.05±0.5) | I6: O-Ring with P80? | J6: Screws Torque (2.6±0.2Nm) @500rpm | K6: ID # | L6: Dist. 1 | M6: Dist. 3 (17.38 ±0.1) Ref. | N6: Dist.4 (min) | O6: Dist.4 (max) | P6: Dist. 2 (0.4 ±0.25) | Q6: Dist.1+ 15.371-Dist4(max) (0.99±0.5) | R6: O-Ring with P80? | S6: Screws Torque (2.6±0.2Nm) @500rpm | T6: ID # | U6: Dist. 1 | V6: Dist. 3 (17.38±0.1) (Referance) | W6: Dist.4 (min) | X6: Dist.4 (max) | Y6: Dist. 2 (0.4±0.25) | Z6: Dist.1 +15.371 -Dist.4(max) (0.99±0.5) | AA6: O-Ring with P80? | AB6: Screws Torque (2.6±0.2Nm) @500rpm
A7: S201 | B7: MeWP200W STLA-F TRIPUMP0032 | C7: 15.36 | D7: 18.06 | E7: 29.86 | F7: 30.18 | G7: 0.32 | H7: 0.54 | I7: Y | J7: Y | K7: 21.06.2023MeWP 80W STLA-F TP EDM 0018 | L7: 11.37 | M7: 17.43 | N7: 25.84 | O7: 26.26 | P7: 0.42 | Q7: 0.48 | R7: Y | S7: Y | T7: MeWP 80W STLA EVO BCP0023 | U7: 11.12 | V7: 17.51 | W7: 26.04 | X7: 26.47 | Y7: 0.43 | Z7: 0.02 | AA7: Y | AB7: Y | AC7: Y | AD7: 0.466 | AE7: Y
B8: Note: "Dist. 1" measured by Karthik; out of spec value "0.02" in RED approved by Karthik via email; the step at BCP port in manifold was fixed by OG.
B9: MeWP200W STLA-F TRIPUMP0047 | C9: MeWP200 was moved to S120 for shipment on Sep. 18, 2023. New pump assembled on Sep. 19, 2023. | X9: Leak re-test with new GEN pump | AD9: 0.46

Sheet 10
A3: TR #: | B3: CC23.19595 | G3: Date: | H3: 45184
A4: Program: | B4: Stellantis Coolant Control Module | G4: Technician: | I4: PN
A5: Manifold ID | B5: MeWP200 | K5: MeWP80 (EDM) | T5: MeWP80 (BCP) | AC5: 3 Isolators Installed in Correct Direction? | AD5: Leak Test at 1.4bar & 192cc Volume (<0.5cc/min) | AE5: Label Applied ?
B6: ID # | C6: Dist. 1 | D6: Dist. 3 (18.17 ±0.1) | E6: Dist.4 (min) | F6: Dist.4 (max) | G6: Dist. 2 (0.4 ±0.25) | H6: Dist.1+ 15.36-Dist4(max) (1.05±0.5) | I6: O-Ring with P80? | J6: Screws Torque (2.2±0.2Nm) | K6: ID # | L6: Dist. 1 | M6: Dist. 3 (17.38 ±0.1) Ref. | N6: Dist.4 (min) | O6: Dist.4 (max) | P6: Dist. 2 (0.4 ±0.25) | Q6: Dist.1+ 15.371-Dist4(max) (0.99±0.5) | R6: O-Ring with P80? | S6: Screws Torque (2.2±0.2Nm) | T6: ID # | U6: Dist. 1 | V6: Dist. 3 (17.38±0.1) (Referance) | W6: Dist.4 (min) | X6: Dist.4 (max) | Y6: Dist. 2 (0.4±0.25) | Z6: Dist.1 +15.371 -Dist.4(max) (0.99±0.5) | AA6: O-Ring with P80? | AB6: Screws Torque (2.2±0.2Nm)
A7: S118 | B7: MeWP200W STLA-F TRIPUMP0037 | K7: 21.06.2023MeWP 80W STLA-F TP EDM 0022 | T7: MeWP 80W STLA EVO BCP0020 | AD7: 0.161 | AE7: Y
A8: S119 | B8: MeWP200W STLA-F TRIPUMP0027 | K8: 21.06.2023MeWP 80W STLA-F TP EDM 0021 | T8: MeWP 80W STLA EVO BCP0027 | AD8: 0.178 | AE8: Y
A9: S120 | B9: MeWP200W STLA-F TRIPUMP0039 | K9: 21.06.2023MeWP 80W STLA-F TP EDM 0025 | T9: MeWP 80W STLA EVO BCP0026 | AD9: 0.246 | AE9: Y
B10: S120 MeWP200 pump was replaced with the one from S201 on Sep. 18, 2023

Sheet 9
A5: TR # | C5: CC23.22947 | F5: Date: | H5: 45232
A6: Program: | C6: Stellantis Coolant Control Module | F6: Technician: | H6: JX
A7: Manifold ID | B7: Assembly ID | C7: MeWP200 | J7: MeWP80 (EDM) | Q7: MeWP80 (EVO) | X7: 3 Isolators Installed in Correct Direction? | Y7: Leak Test at 1.4bar & 192cc Volume (<0.5cc/min) | Z7: Label Applied ?
C8: ID # (PLUC431M1D0A-01) SW:B1C0 | D8: O-ring installed? | E8: Dist. 1 | F8: Screws Torque (2.6±0.2Nm @ 500rpm) | J8: ID # (UC431M1D1B-01) SW B530 Aluminum Housing | K8: O-ring Installed? | L8: Dist. 2 | M8: Screws Torque (2.6±0.2Nm) | Q8: ID # (UC431M1D2B-01 SW BC60) Plastic Housing | R8: O-ring Installed? | S8: Dist. 3 | T8: Screws Torque (2.6±0.2Nm)
A9: 1 | B9: S202 | C9: MeWP200W STLA-F TRIPUMP0051 | D9: Y | E9: -0.446 | F9: 2.8/71° 2.58/64° 2.71/69° 2.62/79° | J9: 09.08.2023MeWP 80W STLA-F TP EDM0043 | K9: Y | L9: -0.193 | M9: 2.76/96° 2.86/33° 2.78/59° | Q9: MeWP 80W STLA EVO BCP0033 | R9: Y | S9: -0.091 | T9: 2.63/50° 2.56/208° 2.62/64° | X9: Y | Y9: 0.314 | Z9: Y
A10: 2 | B10: S203 | C10: MeWP200W STLA-F TRIPUMP0050 | D10: Y | E10: -0.396 | F10: 2.67/72° | G10: 2.7/70° | H10: 2.69/70° | I10: 2.71/82° | J10: 09.08.2023MeWP 80W STLA-F TP EDM0042 | K10: Y | L10: -0.107 | M10: 2.67/251° | N10: 2.73/63° | P10: 2.66/80° | Q10: MeWP 80W STLA EVO BCP0032 | R10: Y | S10: 0.034 | T10: 2.61/57° | U10: 2.56/64° | W10: 2.64/258° | X10: Y | Y10: 0.372 | Z10: Y
A11: 12 | B11: S204 | C11: MeWP200W STLA-F TRIPUMP0049 | D11: Y | E11: -0.36 | F11: 2.77/49° | G11: 2.64/53° | H11: 2.65/50° | I11: 2.63/66° | J11: 09.08.2023MeWP 80W STLA-F TP EDM0041 | K11: Y | L11: -0.39 | M11: 2.57/33° | N11: 2.77/55° | P11: 2.82/48° | Q11: MeWP 80W STLA EVO BCP0037 | R11: Y | S11: 0.01 | T11: 2.58/59° | U11: 2.55/204° | W11: 2.55/60° | X11: Y | Y11: 0.348 | Z11: Y
C12: Pumps from S203 & S204 moved to S205 & S206 (Nov. 14, 2023, PN) | Q12: Pumps from S203 & S204 moved to S205 & S206 (Nov. 14, 2023, PN)
A13: 7 | B13: S205 | C13: MeWP200W STLA-F TRIPUMP0050 | D13: Y | E13: N/A | F13: 2.8 | G13: 2.71 | H13: 2.73 | I13: 2.8 | J13: 09.08.2023MeWP 80W STLA-F TP EDM0042 | K13: Y | L13: N/A | M13: 2.8 | N13: 2.8 | P13: 2.74 | Q13: MeWP 80W STLA EVO BCP0032 | R13: Y | S13: N/A | T13: 2.57 | U13: 2.54 | V13: 2.59 | X13: N | Y13: 0.351 | Z13: Y
A14: 19 | B14: S206 | C14: MeWP200W STLA-F TRIPUMP0049 | D14: Y | E14: N/A | F14: 2.8 | G14: 2.72 | H14: 2.67 | I14: 2.72 | J14: 09.08.2023MeWP 80W STLA-F TP EDM0041 | K14: Y | L14: N/A | M14: 2.8 | N14: 2.8 | P14: 2.78 | Q14: MeWP 80W STLA EVO BCP0037 | R14: Y | S14: N/A | T14: 2.59 | U14: 2.63 | V14: 2.61 | X14: N | Y14: 0.384 | Z14: Y

Sheet 8
A5: TR # | C5: CC23.22949 | F5: Date: | H5: 45252
A6: Program: | C6: Stellantis Coolant Control Module | F6: Technician: | H6: PN
A7: Assembly ID | B7: Manifold | D7: MeWP200 | H7: MeWP80 (EDM) | K7: MeWP80 (EVO) | N7: 3 Isolators Installed in Correct Direction? | O7: Leak Test at 1.4bar & 192cc Volume (<0.5cc/min) | P7: Label(s) Applied ?
B8: ID # | C8: Gauge Check (Pass/Fail) | D8: ID # (PLUC431M1D0A-01) SW:B1C0 | E8: O-ring installed? | F8: Screws Torque (2.6±0.2Nm @ 500rpm) | H8: ID # (UC431M1D1B-01) SW B530 Aluminum Housing | I8: O-ring Installed? | J8: Screws Torque (2.6±0.2Nm@500rpm) | K8: ID # (UC431M1D2B-01 SW BC60) Plastic Housing | L8: O-ring Installed? | M8: Screws Torque (2.6±0.2Nm @500rpm)
A9: S207 | B9: 8 | C9: P | D9: MeWP200W STLA-F TRIPUMP0046 | E9: Y | F9: 2.62-2.69 | H9: 09.08.2023MeWP 80W STLA-F TP EDM0038 | I9: Y | J9: 2.68-2.72 | K9: MeWP 80W STLA EVO BCP0039 | L9: Y | M9: 2.60-2.69 | N9: Y | O9: 0.411 | P9: Y
A10: S208 | B10: 11 | C10: P | D10: MeWP200W STLA-F TRIPUMP0041 | E10: Y | F10: 2.61-2.76 | H10: 09.08.2023MeWP 80W STLA-F TP EDM0033 | I10: Y | J10: 2.69-2.76 | K10: MeWP 80W STLA EVO BCP0034 | L10: Y | M10: 2.53-2.60 | N10: Y | O10: 0.433 | P10: Y
A11: S209 | B11: 4 | C11: P | D11: MeWP200W STLA-F TRIPUMP0036 | E11: Y | F11: 2.64-2.70 | H11: 09.08.2023MeWP 80W STLA-F TP EDM0032 | I11: Y | J11: 2.67-2.79 | K11: MeWP 80W STLA EVO BCP0044 | L11: Y | M11: 2.56-2.60 | N11: Y | O11: 0.362 | P11: Y
A12: S210 | B12: 14 | C12: P | D12: MeWP200W STLA-F TRIPUMP0045 | E12: Y | F12: 2.69-2.80 | H12: 09.08.2023MeWP 80W STLA-F TP EDM0037 | I12: Y | J12: 2.64-2.77 | K12: MeWP 80W STLA EVO BCP0038 | L12: Y | M12: 2.57-2.62 | N12: Y | O12: 0.405 | P12: Y

Sheet 7
A5: TR # | C5: CC23.22950 | F5: Date: | H5: 45295
A6: Program: | C6: Stellantis Coolant Control Module | F6: Technician: | H6: PN/JX
A7: Assembly ID | B7: Manifold | D7: MeWP200 | H7: MeWP80 (EDM) | K7: MeWP80 (EVO) | N7: 3 Isolators Installed in Correct Direction? | O7: Leak Test at 1.4bar & 192cc Volume (<0.5cc/min) | P7: Label(s) Applied ?
B8: ID # | C8: Gauge Check (Pass/Fail) | D8: ID # (PLUC431M1D0A-01) SW:B1C0 | E8: O-ring installed? | F8: Screws Torque (2.6±0.2Nm @ 500rpm) | H8: ID # (UC431M1D1B-01) SW B530 Aluminum Housing | I8: O-ring Installed? | J8: Screws Torque (2.6±0.2Nm@500rpm) | K8: ID # (UC431M1D2B-01 SW BC60) Plastic Housing | L8: O-ring Installed? | M8: Screws Torque (2.6±0.2Nm @500rpm)
A9: S212 | B9: 1 | C9: P | D9: 034 | E9: Y | F9: 2.50~2.61 | H9: 031 | I9: Y | J9: 2.51~2.67 | K9: 45 | L9: Y | M9: 2.50~2.63 | N9: N/A | O9: 0.475 | P9: Y
A10: S213 | B10: 2 | C10: P | D10: MeWP200W STLA-F TRIPUMP0065 | E10: Y | F10: 2.59~2.69 | H10: 15.12.2023MeWP 80W STLA-F TP EDM0062 | I10: Y | J10: 2.62~2.72 | K10: MeWP 80W STLA EVO BCP0075 | L10: Y | M10: 2.55~2.60 | N10: Y | O10: 0.072 | P10: Y
A11: S214 | B11: 3 | C11: P | D11: MeWP200W STLA-F TRIPUMP0066 | E11: Y | F11: 2.58~2.74 | H11: 15.12.2023MeWP 80W STLA-F TP EDM0063 | I11: Y | J11: 2.53~2.72 | K11: MeWP 80W STLA EVO BCP0076 | L11: Y | M11: 2.55~2.60 | N11: Y | O11: 0.07 | P11: Y
A12: S215 | B12: 4 | C12: P | D12: MeWP200W STLA-F TRIPUMP0068 | E12: Y | F12: 2.55~2.69 | H12: 15.12.2023MeWP 80W STLA-F TP EDM0068 | I12: Y | J12: 2.65~2.74 | K12: MeWP 80W STLA EVO BCP0078 | L12: Y | M12: 2.56~2.64 | N12: Y | O12: 0.337 | P12: Y
A13: reworked S212 | B13: 1 | C13: P | D13: MeWP200W STLA-F TRIPUMP0067 | E13: Y | F13: 2.50~2.68 | H13: 15.12.2023MeWP 80W STLA-F TP EDM0067 | I13: Y | J13: 2.61~2.72 | K13: MeWP 80W STLA EVO BCP0077 | L13: Y | M13: 2.53~2.61 | N13: Y | O13: 0.333 | P13: Y
A14: S216 | B14: 1 | C14: P | D14: MeWP200W STLA-F TRIPUMP0080 | E14: Y | F14: 2.58~2.63 | H14: 15.12.2023MeWP 80W STLA-F TP EDM0071 | I14: Y | J14: 2.59~2.75 | K14: MeWP 80W STLA EVO BCP0070 | L14: Y | M14: 2.56~2.63 | N14: Y | O14: 0.41 | P14: Y

Sheet 6
A5: TR # | C5: CC24.01600 | F5: Date: | H5: 45314
A6: Program: | C6: Stellantis Coolant Control Module | F6: Technician: | H6: PN
A7: Assembly ID | B7: Manifold | D7: MeWP200 | H7: MeWP80 (EDM) | K7: MeWP80 (EVO) | N7: 3 Isolators Installed in Correct Direction? | O7: Leak Test at 1.4bar & 192cc Volume (<0.5cc/min) | P7: Label(s) Applied ?
B8: ID # | C8: Gauge Check (Pass/Fail) | D8: ID # (PLUC431M1D0A-01) SW:B1C0 | E8: O-ring installed? | F8: Screws Torque (2.6±0.2Nm @ 500rpm) | H8: ID # (UC431M1D1B-01) SW B530 Aluminum Housing | I8: O-ring Installed? | J8: Screws Torque (2.6±0.2Nm@500rpm) | K8: ID # (UC431M1D2B-01 SW BC60) Plastic Housing | L8: O-ring Installed? | M8: Screws Torque (2.6±0.2Nm @500rpm)
A9: S217 | B9: 2 | C9: F (0.11mm Max) | D9: MeWP200W STLA-F TRIPUMP0074 | E9: Y | F9: 2.57~2.69 | H9: 15.12.2023MeWP 80W STLA-F TP EDM0061 | I9: Y | J9: 2.72~2.74 | K9: MeWP 80W STLA EVO BCP0069 | L9: Y | M9: 2.53~2.63 | N9: Y | O9: 0.34 | P9: Y
A10: S218 | B10: 3 | C10: F (0.108mm Max) | D10: MeWP200W STLA-F TRIPUMP0061 | E10: Y | F10: 2.62~2.71 | H10: 15.12.2023MeWP 80W STLA-F TP EDM0065 | I10: Y | J10: 2.64~2.74 | K10: MeWP 80W STLA EVO BCP0064 | L10: Y | M10: 2.59~2.71 | N10: Y | O10: 0.315 | P10: Y
A11: S219 | B11: 4 | C11: P | D11: MeWP200W STLA-F TRIPUMP0081 | E11: Y | F11: 2.63~2.74 | H11: 15.12.2023MeWP 80W STLA-F TP EDM0070 | I11: Y | J11: 2.71~2.80 | K11: MeWP 80W STLA EVO BCP0060 | L11: Y | M11: 2.53~2.65 | N11: Y | O11: 0.308 | P11: Y
A12: S220 | B12: 8 | C12: Fail 0.08 max | D12: MeWP200W STLA-F TRIPUMP0064 | E12: Y | F12: 2.63~2.71 | H12: 15.12.2023MeWP 80W STLA-F TP EDM0064 | I12: Y | J12: 2.71~2.80 | K12: MeWP 80W STLA EVO BCP0063 | L12: Y | M12: 2.57~2.63 | N12: Y | O12: 0.394 | P12: Y
A13: S221 | B13: 10 | C13: Fail 0.04 max | D13: MeWP200W STLA-F TRIPUMP0082 | E13: Y | F13: 2.57~2.69 | H13: 15.12.2023MeWP 80W STLA-F TP EDM0078 | I13: Y | J13: 2.59~2.69 | K13: MeWP 80W STLA EVO BCP0074 | L13: Y | M13: 2.53~2.57 | N13: Y | O13: 0.299 | P13: Y

Sheet 5
A5: TR # | C5: CC24.02109 | F5: Date: | G5: 45316
A6: Program: | C6: Stellantis Coolant Control Module | F6: Technician: | G6: JX
A7: Assembly ID | B7: Manifold | D7: MeWP200 | G7: MeWP80 (EDM) | J7: MeWP80 (EVO) | M7: 3 Isolators Installed in Correct Direction? | N7: Leak Test at 1.4bar & 192cc Volume (<0.5cc/min) | O7: Label(s) Applied ?
B8: ID # | C8: Gauge Check (Pass/Fail) | D8: ID # (PLUC431M1D0A-01) SW:B1C0 | E8: O-ring installed? | F8: Screws Torque (2.6±0.2Nm @ 500rpm) | G8: ID # (UC431M1D1B-01) SW B530 Aluminum Housing | H8: O-ring Installed? | I8: Screws Torque (2.6±0.2Nm@500rpm) | J8: ID # (UC431M1D2B-01 SW BC60) Plastic Housing | K8: O-ring Installed? | L8: Screws Torque (2.6±0.2Nm @500rpm)
A9: S222 | B9: 11 | C9: FAILED MAX 0.114MM | D9: MeWP200W STLA-F TRIPUMP0071 | E9: Y | F9: 2.55-2.72 | G9: 15.12.2023MeWP 80W STLA-F TP EDM0069 | H9: Y | I9: 2.62-2.71 | J9: MeWP 80W STLA EVO BCP0061 | K9: Y | L9: 2.54-2.58 | M9: Y | N9: 0.412 | O9: Y
A10: S223 | B10: 12 | C10: FAILED MAX 0.124MM | D10: MeWP200W STLA-F TRIPUMP0073 | E10: Y | F10: 2.56-2.70 | G10: 15.12.2023MeWP 80W STLA-F TP EDM0072 | H10: Y | I10: 2.63-2.73 | J10: MeWP 80W STLA EVO BCP0065 | K10: Y | L10: 2.56-2.62 | M10: Y | N10: 0.359 | O10: Y
A11: S224 | B11: 13 | C11: FAILED MAX 0.147MM | D11: MeWP200W STLA-F TRIPUMP0075 | E11: Y | F11: 2.55-2.75 | G11: 15.12.2023MeWP 80W STLA-F TP EDM0074 | H11: Y | I11: 2.64-2.80 | J11: MeWP 80W STLA EVO BCP0066 | K11: Y | L11: 2.64-2.80 | M11: Y | N11: 0.304 | O11: Y
A12: S225 | B12: 14 | C12: FAILED MAX 0.097MM | D12: MeWP200W STLA-F TRIPUMP0076 | E12: Y | F12: 2.56-2.69 | G12: 15.12.2023MeWP 80W STLA-F TP EDM0076 | H12: Y | I12: 2.59-2.71 | J12: MeWP 80W STLA EVO BCP0079 | K12: Y | L12: 2.59-2.71 | M12: Y | N12: 0.304 | O12: Y
A13: S226 | B13: 15 | C13: FAILED 0.030MM | D13: MeWP200W STLA-F TRIPUMP0098 | E13: Y | F13: 2.55-2.63 | G13: 10.01.2024MeWP 80W STLA-F TP EDM0106 | H13: Y | I13: 2.66-2.72 | J13: MeWP 80W STLA EVO BCP0081 | K13: Y | L13: 2.50-2.66 | M13: Y | N13: 0.454 | O13: Y

Sheet 4
A5: TR # | C5: CC24.02734 | F5: Date: | G5: 45329
A6: Program: | C6: Stellantis Coolant Control Module | F6: Technician: | G6: PN
A7: Assembly ID | B7: Manifold | D7: MeWP200 | G7: MeWP80 (EDM) | J7: MeWP80 (EVO) | M7: 3 Isolators Installed in Correct Direction? | N7: Leak Test at 1.4bar & 192cc Volume (<0.5cc/min) | O7: Label(s) Applied ?
B8: ID # | C8: Gauge Check (Pass/Fail) | D8: ID # (PLUC431M1D0A-01) SW:B1C1 | E8: O-ring installed? | F8: Screws Torque (2.6±0.2Nm @500rpm) | G8: ID # (UC431M1D1B-01) SW B530 Aluminum Housing | H8: O-ring Installed? | I8: Screws Torque (2.6±0.2Nm @500rpm) | J8: ID # (UC431M1D2B-01 SW BC60) Plastic Housing | K8: O-ring Installed? | L8: Screws Torque (2.6±0.2Nm @500rpm)
A9: S227 | B9: 16 | C9: F 0.02 | D9: MeWP200W STLA-F TRIPUMP0123 | E9: Y | F9: 2.60~2.65 | G9: 23.01.2024MeWP 80W STLA-F TP EDM0120 | H9: Y | I9: 2.68~2.77 | J9: MeWP 80W STLA EVO BCP0101 | K9: Y | L9: 2.54~2.62 | M9: Y | N9: 0.396 | O9: Y
A10: S228 | B10: 17 | C10: P | D10: MeWP200W STLA-F TRIPUMP0093 | E10: Y | F10: 2.62~2.68 | G10: 10.01.2024MeWP 80W STLA-F TP EDM0107 | H10: Y | I10: 2.64~2.77 | J10: MeWP 80W STLA EVO BCP0098 | K10: Y | L10: 2.55~2.64 | M10: Y | N10: 0.417 | O10: Y
A11: S229 | B11: 18 | C11: F 0.04 | D11: MeWP200W STLA-F TRIPUMP0119 | E11: Y | F11: 2.61~2.69 | G11: 10.01.2024MeWP 80W STLA-F TP EDM0108 | H11: Y | I11: 2.69~2.75 | J11: MeWP 80W STLA EVO BCP0092 | K11: Y | L11: 2.57~2.64 | M11: Y | N11: 0.404 | O11: Y
A12: S230 | B12: 19 | C12: F 0.07 | D12: MeWP200W STLA-F TRIPUMP0099 | E12: Y | F12: 2.58~2.67 | G12: 23.01.2024MeWP 80W STLA-F TP EDM0119 | H12: Y | I12: 2.68~2.75 | J12: MeWP 80W STLA EVO BCP0080 | K12: Y | L12: 2.55~2.62 | M12: Y | N12: 0.425 | O12: Y
A13: S231 | B13: 20 | C13: F 0.1 | D13: MeWP200W STLA-F TRIPUMP0120 | E13: Y | F13: 2.58~2.68 | G13: 10.01.2024MeWP 80W STLA-F TP EDM0084 | H13: Y | I13: 2.70~2.80 | J13: MeWP 80W STLA EVO BCP0090 | K13: Y | L13: 2.56~2.65 | M13: Y | N13: 0.341 | O13: Y
A14: S232 | B14: 21 | C14: F 0.05 | D14: MeWP200W STLA-F TRIPUMP0101 | E14: Y | F14: 2.62~2.72 | G14: 10.01.2024MeWP 80W STLA-F TP EDM0105 | H14: Y | I14: 2.71~2.76 | J14: MeWP 80W STLA EVO BCP0106 | K14: Y | L14: 2.63~2.67 | M14: Y | N14: 0.33 | O14: Y
A15: S233 | B15: 22 | C15: F 0.02 | D15: MeWP200W STLA-F TRIPUMP0096 | E15: Y | F15: 2.61~2.69 | G15: 23.01.2024MeWP 80W STLA-F TP EDM0113 | H15: Y | I15: 2.64~2.75 | J15: MeWP 80W STLA EVO BCP0116 | K15: Y | L15: 2.55~2.62 | M15: Y | N15: 0.299 | O15: Y
A16: S234 | B16: 23 | C16: P | D16: MeWP200W STLA-F TRIPUMP0085 | E16: Y | F16: 2.57~2.68 | G16: 10.01.2024MeWP 80W STLA-F TP EDM0083 | H16: Y | I16: 2.74~2.80 | J16: MeWP 80W STLA EVO BCP0096 | K16: Y | L16: 2.54~2.62 | M16: Y | N16: 0.351 | O16: Y
A17: S235 | B17: 24 | C17: F 0.02 | D17: MeWP200W STLA-F TRIPUMP0100 | E17: Y | F17: 2.63~2.69 | G17: 10.01.2024MeWP 80W STLA-F TP EDM0109 | H17: Y | I17: 2.60~2.68 | J17: MeWP 80W STLA EVO BCP0093 | K17: Y | L17: 2.56~2.58 | M17: Y | N17: Manifold Leaking | O17: Y
A18: S236 | B18: 25 | C18: F 0.06 | D18: MeWP200W STLA-F TRIPUMP0122 | E18: Y | F18: 2.62~2.67 | G18: 15.12.2023MeWP 80W STLA-F TP EDM0082 | H18: Y | I18: 2.66~2.75 | J18: MeWP 80W STLA EVO BCP0088 | K18: Y | L18: 2.51~2.60 | M18: Y | N18: 0.456 | O18: Y
A19: S237 | B19: 26 | C19: F 0.11 | D19: MeWP200W STLA-F TRIPUMP0109 | E19: Y | F19: 2.63~2.72 | G19: 10.01.2024MeWP 80W STLA-F TP EDM0092 | H19: Y | I19: 2.76~2.79 | J19: MeWP 80W STLA EVO BCP0099 | K19: Y | L19: 2.57~2.64 | M19: Y | N19: 0.456 | O19: Y
A20: S238 | B20: 27 | C20: F 0.1 | D20: MeWP200W STLA-F TRIPUMP0102 | E20: Y | F20: 2.62~2.76 | G20: 10.01.2024MeWP 80W STLA-F TP EDM0102 | H20: Y | I20: 2.72~2.77 | J20: MeWP 80W STLA EVO BCP0084 | K20: Y | L20: 2.57~2.63 | M20: Y | N20: 0.414 | O20: Y
A21: S239 | B21: 28 | C21: F 0.08 | D21: MeWP200W STLA-F TRIPUMP0092 | E21: Y | F21: 2.62~2.74 | G21: 23.01.2024MeWP 80W STLA-F TP EDM0118 | H21: Y | I21: 2.71~2.76 | J21: MeWP 80W STLA EVO BCP0086 | K21: Y | L21: 2.57~2.65 | M21: Y | N21: 0.435 | O21: Y
A22: S240 | B22: 5 | C22: F 0.06 | D22: MeWP200W STLA-F TRIPUMP0087 | E22: Y | F22: 2.67~2.80 | G22: 10.01.2024MeWP 80W STLA-F TP EDM0087 | H22: Y | I22: 2.72~2.80 | J22: MeWP 80W STLA EVO BCP0094 | K22: Y | L22: 2.60~2.65 | M22: Y | N22: 0.433 | O22: Y
A23: S241 | B23: 6 | C23: F 0.08 | D23: MeWP200W STLA-F TRIPUMP0108 | E23: Y | F23: 2.64~2.70 | G23: 10.01.2024MeWP 80W STLA-F TP EDM0100 | H23: Y | I23: 2.73~2.79 | J23: MeWP 80W STLA EVO BCP0112 | K23: Y | L23: 2.50~2.57 | M23: Y | N23: 0.433 | O23: Y
A24: S242 | B24: 7 | C24: F 0.13 | D24: MeWP200W STLA-F TRIPUMP0107 | E24: Y | F24: 2.66~2.74 | G24: 10.01.2024MeWP 80W STLA-F TP EDM0099 | H24: Y | I24: 2.69~2.79 | J24: MeWP 80W STLA EVO BCP0097 | K24: Y | L24: 2.61~2.63 | M24: Y | N24: 0.451 | O24: Y
A25: S243 | B25: 9 | C25: F 0.08 | D25: MeWP200W STLA-F TRIPUMP0115 | E25: Y | F25: 2.58~2.80 | G25: 10.01.2024MeWP 80W STLA-F TP EDM0086 | H25: Y | I25: 2.70~2.80 | J25: MeWP 80W STLA EVO BCP0085 | K25: Y | L25: 2.60~2.62 | M25: Y | N25: 0.441 | O25: Y
A26: S244 | B26: 35 | C26: F 0.04 | D26: MeWP200W STLA-F TRIPUMP0121 | E26: Y | F26: 2.62~2.72 | G26: 15.12.2023MeWP 80W STLA-F TP EDM0081 | H26: Y | I26: 2.66~2.80 | J26: MeWP 80W STLA EVO BCP0091 | K26: Y | L26: 2.59~2.66 | M26: Y | N26: 0.441 | O26: Y
A27: S245 | B27: 36 | C27: F 0.07 | D27: MeWP200W STLA-F TRIPUMP0116 | E27: Y | F27: 2.58~2.66 | G27: 10.01.2024MeWP 80W STLA-F TP EDM0101 | H27: Y | I27: 2.70~2.77 | J27: MeWP 80W STLA EVO BCP0087 | K27: Y | L27: 2.55~2.62 | M27: Y | N27: Manifold Leaking | O27: Y
A28: S246 | B28: 37 | C28: F 0.03 | D28: MeWP200W STLA-F TRIPUMP0104 | E28: Y | F28: 2.57~2.76 | G28: 10.01.2024MeWP 80W STLA-F TP EDM0104 | H28: Y | I28: 2.72~2.78 | J28: MeWP 80W STLA EVO BCP0089 | K28: Y | L28: 2.57~2.62 | M28: Y | N28: 0.399 | O28: Y

Sheet 3
A5: TR # | C5: CC24.02923 | F5: Date: | G5: 45329
A6: Program: | C6: Stellantis Coolant Control Module | F6: Technician: | G6: PN
A7: Assembly ID | B7: Manifold | D7: MeWP200 | G7: MeWP80 (EDM) | J7: MeWP80 (EVO) | M7: 3 Isolators Installed in Correct Direction? | N7: Label(s) Applied ? | O7: Leak Test at 1.4bar & 192cc Volume (<0.5cc/min)
B8: ID # | C8: Gauge Check (Pass/Fail) | D8: ID # (PLUC431M1D0A-01) SW:B1C1 | E8: O-ring installed? | F8: Screws Torque (2.6±0.2Nm @500rpm) | G8: ID # (UC431M1D1B-01) SW B530 Aluminum Housing | H8: O-ring Installed? | I8: Screws Torque (2.6±0.2Nm @500rpm) | J8: ID # (UC431M1D2B-01 SW BC60) Plastic Housing | K8: O-ring Installed? | L8: Screws Torque (2.6±0.2Nm @500rpm)
A9: S216 | B9: TR.CC23.22950 | D9: MeWP200W STLA-F TRIPUMP0118 | E9: Y | F9: 2.70~2.78 | G9: TR.CC23.22950 | O9: 0.42
A10: S217 | B10: TR.CC24.01600 | D10: MeWP200W STLA-F TRIPUMP0124 | E10: Y | F10: 2.55~2.80 | G10: TR.CC24.01600 | O10: 0.41
A11: S219 | D11: MeWP200W STLA-F TRIPUMP0089 | E11: Y | F11: 2.63~2.79 | O11: 0.385
A12: S220 | D12: MeWP200W STLA-F TRIPUMP0097 | E12: Y | F12: 2.60~2.76 | O12: 0.353
A13: S221 | D13: MeWP200W STLA-F TRIPUMP0106 | E13: Y | F13: 2.62~2.72 | O13: 0.451
A14: S222 | B14: TR.CC24.02109 | D14: MeWP200W STLA-F TRIPUMP0117 | E14: Y | F14: 2.54~2.70 | G14: TR.CC24.02109 | O14: 0.41
A15: S223 | D15: MeWP200W STLA-F TRIPUMP0094 | E15: Y | F15: 2.65~2.73 | O15: 0.352
A16: S224 | D16: MeWP200W STLA-F TRIPUMP0086 | E16: Y | F16: 2.59~2.71 | O16: 0.42
A17: S225 | D17: MeWP200W STLA-F TRIPUMP0103 | E17: Y | F17: 2.65~2.73 | O17: 0.42

Sheet 2
A5: TR # | C5: CC24.03239 | F5: Date: | G5: 45338
A6: Program: | C6: Stellantis Coolant Control Module | F6: Technician: | G6: PN
A7: Assembly ID | B7: Manifold | D7: MeWP200 | G7: MeWP80 (EDM) | J7: MeWP80 (EVO) | M7: 3 Isolators Installed in Correct Direction? | N7: Leak Test at 1.4bar & 192cc Volume (<0.5cc/min) | O7: Label(s) Applied ?
B8: ID # | C8: Gauge Check (Pass/Fail) | D8: ID # (PLUC431M1D0A-01) SW:B1C1 | E8: O-ring installed? | F8: Screws Torque (2.6±0.2Nm @500rpm) | G8: ID # (UC431M1D1B-01) SW B530 Aluminum Housing | H8: O-ring Installed? | I8: Screws Torque (2.6±0.2Nm @500rpm) | J8: ID # (UC431M1D2B-01 SW BC60) Plastic Housing | K8: O-ring Installed? | L8: Screws Torque (2.6±0.2Nm @500rpm)
A9: S247 | B9: 34 | C9: P | D9: MeWP200W STLA-F TRIPUMP0091 | E9: Y | F9: 2.59~2.71 | G9: 10.01.2024MeWP 80W STLA-F TP EDM0093 | H9: Y | I9: 2.71~2.80 | J9: MeWP 80W STLA EVO BCP0111 | K9: Y | L9: 2.55~2.67 | M9: Y | N9: 0.41 | O9: Y
A10: S248 | B10: 38 | C10: F 0.1 | D10: MeWP200W STLA-F TRIPUMP0095 | E10: Y | F10: 2.62~2.69 | G10: 10.01.2024MeWP 80W STLA-F TP EDM0095 | H10: Y | I10: 2.66~2.76 | J10: MeWP 80W STLA EVO BCP0100 | K10: Y | L10: 2.53~2.58 | M10: Y | N10: 0.9~1.1 | O10: Y
A11: S249 | B11: 39 | C11: F 0.05 | D11: MeWP200W STLA-F TRIPUMP0088 | E11: Y | F11: 2.61~2.75 | G11: 10.01.2024MeWP 80W STLA-F TP EDM0085 | H11: Y | I11: 2.63~2.78 | J11: MeWP 80W STLA EVO BCP0119 | K11: Y | L11: 2.56~2.61 | M11: Y | N11: 0.459 | O11: Y
A12: S250 | B12: 40 | C12: F 0.06 | D12: MeWP200W STLA-F TRIPUMP0079 | E12: Y | F12: 2.59~2.73 | G12: 23.01.2024MeWP 80W STLA-F TP EDM0117 | H12: Y | I12: 2.73~2.80 | J12: MeWP 80W STLA EVO BCP0083 | K12: Y | L12: 2.56~2.65 | M12: Y | N12: 0.367 | O12: Y
A13: S251 | B13: 41 | C13: P | D13: MeWP200W STLA-F TRIPUMP0063 | E13: Y | F13: 2.59~2.73 | G13: 10.01.2024MeWP 80W STLA-F TP EDM0097 | H13: Y | I13: 2.71~2.76 | J13: MeWP 80W STLA EVO BCP0105 | K13: Y | L13: 2.61~2.63 | M13: Y | N13: 0.387 | O13: Y
A14: S252 | B14: 42 | C14: F 0.1 | D14: MeWP200W STLA-F TRIPUMP0039 | E14: Y | F14: 2.71~2.77 | G14: 23.01.2024MeWP 80W STLA-F TP EDM0114 | H14: Y | I14: 2.75~2.78 | J14: MeWP 80W STLA EVO BCP0118 | K14: Y | L14: 2.59~2.61 | M14: Y | N14: 0.407 | O14: Y
A15: S253 | B15: 29 | C15: F 0.10 | D15: MeWP200W STLA-F TRIPUMP0062 | E15: Y | F15: 2.62~2.76 | G15: 10.01.2024MeWP 80W STLA-F TP EDM0096 | H15: Y | I15: 2.66~2.71 | J15: MeWP 80W STLA EVO BCP0104 | K15: Y | L15: 2.55~2.69 | M15: Y | N15: 0.367 | O15: Y
A16: S254 | B16: 30 | C16: F 0.17 | D16: MeWP200W STLA-F TRIPUMP0078 | E16: Y | F16: 2.53~2.73 | G16: 10.01.2024MeWP 80W STLA-F TP EDM0110 | H16: Y | I16: 2.67~2.74 | J16: MeWP 80W STLA EVO BCP0107 | K16: Y | L16: 2.55~2.63 | M16: Y | N16: 0.413 | O16: Y
A17: S255 | B17: 31 | C17: F 0.14 | D17: MeWP200W STLA-F TRIPUMP0060 | E17: Y | F17: 2.63~2.70 | G17: 10.01.2024MeWP 80W STLA-F TP EDM0112 | H17: Y | I17: 2.70~2.80 | J17: MeWP 80W STLA EVO BCP0103 | K17: Y | L17: 2.56~2.62 | M17: Y | N17: 0.436 | O17: Y
A18: S256 | B18: 32 | C18: F 0.09 | D18: MeWP200W STLA-F TRIPUMP0111 | E18: Y | F18: 2.61~2.69 | G18: 10.01.2024MeWP 80W STLA-F TP EDM0088 | H18: Y | I18: 2.66~2.79 | J18: MeWP 80W STLA EVO BCP0114 | K18: Y | L18: 2.59~2.63 | M18: Y | N18: 0.381 | O18: Y
A19: S257 | B19: 33 | C19: F 0.02 | D19: MeWP200W STLA-F TRIPUMP0114 | E19: Y | F19: 2.63~2.76 | G19: 10.01.2024MeWP 80W STLA-F TP EDM0111 | H19: Y | I19: 2.67~2.75 | J19: MeWP 80W STLA EVO BCP0109 | K19: Y | L19: 2.56~2.59 | M19: Y | N19: 0.381 | O19: Y
A20: S258 | B20: 49 | C20: F 0.1 | D20: MeWP200W STLA-F TRIPUMP0090 | E20: Y | F20: 2.56~2.76 | G20: 10.01.2024MeWP 80W STLA-F TP EDM0089 | H20: Y | I20: 2.63~2.75 | J20: MeWP 80W STLA EVO BCP0095 | K20: Y | L20: 2.56~2.60 | M20: Y | N20: 0.381 | O20: Y

Sheet 1
A5: TR # | C5: CC24.03240 | F5: Date: | G5: 45338
A6: Program: | C6: Stellantis Coolant Control Module | F6: Technician: | G6: PN
A7: Assembly ID | B7: Manifold | D7: MeWP200 | G7: MeWP80 (EDM) | J7: MeWP80 (EVO) | M7: 3 Isolators Installed in Correct Direction? | N7: Leak Test at 1.4bar & 192cc Volume (<0.5cc/min) | O7: Label(s) Applied ?
B8: ID # | C8: Gauge Check (Pass/Fail) | D8: ID # (PLUC431M1D0A-01) SW:B1C1 | E8: O-ring installed? | F8: Screws Torque (2.6±0.2Nm @500rpm) | G8: ID # (UC431M1D1B-01) SW B530 Aluminum Housing | H8: O-ring Installed? | I8: Screws Torque (2.6±0.2Nm @500rpm) | J8: ID # (UC431M1D2B-01 SW BC60) Plastic Housing | K8: O-ring Installed? | L8: Screws Torque (2.6±0.2Nm @500rpm)
A9: S260 | B9: 52 | C9: F 0.05 | D9: MeWP200W STLA-F TRIPUMP0105 | E9: Y | F9: 2.58~2.67 | G9: 23.01.2024MeWP 80W STLA-F TP EDM0116 | H9: Y | I9: 2.65~2.78 | J9: MeWP 80W STLA EVO BCP0102 | K9: Y | L9: 2.55~2.63 | M9: Y | N9: 0.407 | O9: Y
A10: S261 | B10: 55 | C10: P | D10: MeWP200W STLA-F TRIPUMP0112 | E10: Y | F10: 2.64~2.72 | G10: 10.01.2024MeWP 80W STLA-F TP EDM0094 | H10: Y | I10: 2.66~2.78 | J10: MeWP 80W STLA EVO BCP0108 | K10: Y | L10: 2.55~2.60 | M10: Y | N10: 0.393 | O10: Y
